,movie_rated,rating
0,"[1, 0, 0, 0, 0, 0, 0, 0, 0, 0, 0, 0, 0, 0]",8.8
1,"[1, 0, 0, 0, 0, 0, 0, 0, 0, 0, 0, 0, 0, 0]",8.8
2,"[1, 0, 0, 0, 0, 0, 0, 0, 0, 0, 0, 0, 0, 0]",8.9
3,"[1, 0, 0, 0, 0, 0, 0, 0, 0, 0, 0, 0, 0, 0]",8.4
4,"[1, 0, 0, 0, 0, 0, 0, 0, 0, 0, 0, 0, 0, 0]",8.7
5,"[1, 0, 0, 0, 0, 0, 0, 0, 0, 0, 0, 0, 0, 0]",8.6
6,"[0, 1, 0, 0, 0, 0, 0, 0, 0, 0, 0, 0, 0, 0]",8.5
7,"[1, 0, 0, 0, 0, 0, 0, 0, 0, 0, 0, 0, 0, 0]",8.2
8,"[1, 0, 0, 0, 0, 0, 0, 0, 0, 0, 0, 0, 0, 0]",8.0
9,"[0, 1, 0, 0, 0, 0, 0, 0, 0, 0, 0, 0, 0, 0]",8.3
10,"[0, 0, 1, 0, 0, 0, 0, 0, 0, 0, 0, 0, 0, 0]",8.6
11,"[0, 0, 1, 0, 0, 0, 0, 0, 0, 0, 0, 0, 0, 0]",8.7
12,"[1, 0, 0, 0, 0, 0, 0, 0, 0, 0, 0, 0, 0, 0]",7.8
13,"[1, 0, 0, 0, 0, 0, 0, 0, 0, 0, 0, 0, 0, 0]",8.0
14,"[0, 0, 1, 0, 0, 0, 0, 0, 0, 0, 0, 0, 0, 0]",8.5
15,"[1, 0, 0, 0, 0, 0, 0, 0, 0, 0, 0, 0, 0, 0]",8.0
16,"[0, 0, 0, 1, 0, 0, 0, 0, 0, 0, 0, 0, 0, 0]",8.4
17,"[0, 0, 1, 0, 0, 0, 0, 0, 0, 0, 0, 0, 0, 0]",8.3
18,"[0, 0, 0, 1, 0, 0, 0, 0, 0, 0, 0, 0, 0, 0]",8.1
19,"[1, 0, 0, 0, 0, 0, 0, 0, 0, 0, 0, 0, 0, 0]",7.9
20,"[0, 0, 0, 1, 0, 0, 0, 0, 0, 0, 0, 0, 0, 0]",8.5
21,"[0, 0, 1, 0, 0, 0, 0, 0, 0, 0, 0, 0, 0, 0]",8.2
22,"[0, 1, 0, 0, 0, 0, 0, 0, 0, 0, 0, 0, 0, 0]",8.0
23,"[0, 0, 1, 0, 0, 0, 0, 0, 0, 0, 0, 0, 0, 0]",8.4
24,"[0, 0, 0, 1, 0, 0, 0, 0, 0, 0, 0, 0, 0, 0]",8.3
25,"[0, 1, 0, 0, 0, 0, 0, 0, 0, 0, 0, 0, 0, 0]",8.1
26,"[1, 0, 0, 0, 0, 0, 0, 0, 0, 0, 0, 0, 0, 0]",7.9
27,"[1, 0, 0, 0, 0, 0, 0, 0, 0, 0, 0, 0, 0, 0]",8.1
28,"[1, 0, 0, 0, 0, 0, 0, 0, 0, 0, 0, 0, 0, 0]",7.2
29,"[0, 0, 0, 1, 0, 0, 0, 0, 0, 0, 0, 0, 0, 0]",8.0
30,"[1, 0, 0, 0, 0, 0, 0, 0, 0, 0, 0, 0, 0, 0]",8.4
31,"[1, 0, 0, 0, 0, 0, 0, 0, 0, 0, 0, 0, 0, 0]",7.8
32,"[1, 0, 0, 0, 0, 0, 0, 0, 0, 0, 0, 0, 0, 0]",8.1
33,"[1, 0, 0, 0, 0, 0, 0, 0, 0, 0, 0, 0, 0, 0]",8.4
34,"[1, 0, 0, 0, 0, 0, 0, 0, 0, 0, 0, 0, 0, 0]",7.2
35,"[0, 0, 0, 1, 0, 0, 0, 0, 0, 0, 0, 0, 0, 0]",8.3
36,"[1, 0, 0, 0, 0, 0, 0, 0, 0, 0, 0, 0, 0, 0]",8.0
37,"[1, 0, 0, 0, 0, 0, 0, 0, 0, 0, 0, 0, 0, 0]",7.0
38,"[1, 0, 0, 0, 0, 0, 0, 0, 0, 0, 0, 0, 0, 0]",6.9
39,"[1, 0, 0, 0, 0, 0, 0, 0, 0, 0, 0, 0, 0, 0]",7.3
40,"[1, 0, 0, 0, 0, 0, 0, 0, 0, 0, 0, 0, 0, 0]",7.7
41,"[0, 0, 1, 0, 0, 0, 0, 0, 0, 0, 0, 0, 0, 0]",6.5
42,"[1, 0, 0, 0, 0, 0, 0, 0, 0, 0, 0, 0, 0, 0]",7.0
43,"[1, 0, 0, 0, 0, 0, 0, 0, 0, 0, 0, 0, 0, 0]",7.5
44,"[0, 1, 0, 0, 0, 0, 0, 0, 0, 0, 0, 0, 0, 0]",8.1
45,"[0, 1, 0, 0, 0, 0, 0, 0, 0, 0, 0, 0, 0, 0]",8.0
46,"[1, 0, 0, 0, 0, 0, 0, 0, 0, 0, 0, 0, 0, 0]",7.0
47,"[1, 0, 0, 0, 0, 0, 0, 0, 0, 0, 0, 0, 0, 0]",8.2
48,"[1, 0, 0, 0, 0, 0, 0, 0, 0, 0, 0, 0, 0, 0]",7.3
49,"[1, 0, 0, 0, 0, 0, 0, 0, 0, 0, 0, 0, 0, 0]",7.2
50,"[1, 0, 0, 0, 0, 0, 0, 0, 0, 0, 0, 0, 0, 0]",8.0
51,"[0, 0, 1, 0, 0, 0, 0, 0, 0, 0, 0, 0, 0, 0]",8.1
52,"[1, 0, 0, 0, 0, 0, 0, 0, 0, 0, 0, 0, 0, 0]",7.3
53,"[0, 0, 1, 0, 0, 0, 0, 0, 0, 0, 0, 0, 0, 0]",8.0
54,"[1, 0, 0, 0, 0, 0, 0, 0, 0, 0, 0, 0, 0, 0]",7.8
55,"[0, 1, 0, 0, 0, 0, 0, 0, 0, 0, 0, 0, 0, 0]",8.3
56,"[1, 0, 0, 0, 0, 0, 0, 0, 0, 0, 0, 0, 0, 0]",7.7
57,"[0, 0, 1, 0, 0, 0, 0, 0, 0, 0, 0, 0, 0, 0]",6.5
58,"[0, 0, 0, 1, 0, 0, 0, 0, 0, 0, 0, 0, 0, 0]",8.0
59,"[0, 0, 1, 0, 0, 0, 0, 0, 0, 0, 0, 0, 0, 0]",7.6
60,"[0, 0, 1, 0, 0, 0, 0, 0, 0, 0, 0, 0, 0, 0]",8.6
61,"[1, 0, 0, 0, 0, 0, 0, 0, 0, 0, 0, 0, 0, 0]",7.7
62,"[1, 0, 0, 0, 0, 0, 0, 0, 0, 0, 0, 0, 0, 0]",6.4
63,"[1, 0, 0, 0, 0, 0, 0, 0, 0, 0, 0, 0, 0, 0]",7.5
64,"[0, 0, 1, 0, 0, 0, 0, 0, 0, 0, 0, 0, 0, 0]",7.8
65,"[1, 0, 0, 0, 0, 0, 0, 0, 0, 0, 0, 0, 0, 0]",7.8
66,"[1, 0, 0, 0, 0, 0, 0, 0, 0, 0, 0, 0, 0, 0]",7.3
67,"[0, 0, 1, 0, 0, 0, 0, 0, 0, 0, 0, 0, 0, 0]",8.1
68,"[1, 0, 0, 0, 0, 0, 0, 0, 0, 0, 0, 0, 0, 0]",7.0
69,"[1, 0, 0, 0, 0, 0, 0, 0, 0, 0, 0, 0, 0, 0]",7.0
70,"[0, 0, 0, 1, 0, 0, 0, 0, 0, 0, 0, 0, 0, 0]",8.3
71,"[1, 0, 0, 0, 0, 0, 0, 0, 0, 0, 0, 0, 0, 0]",7.1
72,"[1, 0, 0, 0, 0, 0, 0, 0, 0, 0, 0, 0, 0, 0]",6.0
73,"[1, 0, 0, 0, 0, 0, 0, 0, 0, 0, 0, 0, 0, 0]",7.9
74,"[1, 0, 0, 0, 0, 0, 0, 0, 0, 0, 0, 0, 0, 0]",6.9
75,"[0, 1, 0, 0, 0, 0, 0, 0, 0, 0, 0, 0, 0, 0]",7.7
76,"[1, 0, 0, 0, 0, 0, 0, 0, 0, 0, 0, 0, 0, 0]",7.5
77,"[1, 0, 0, 0, 0, 0, 0, 0, 0, 0, 0, 0, 0, 0]",7.6
78,"[1, 0, 0, 0, 0, 0, 0, 0, 0, 0, 0, 0, 0, 0]",7.9
79,"[0, 0, 1, 0, 0, 0, 0, 0, 0, 0, 0, 0, 0, 0]",7.9
80,"[1, 0, 0, 0, 0, 0, 0, 0, 0, 0, 0, 0, 0, 0]",8.0
81,"[1, 0, 0, 0, 0, 0, 0, 0, 0, 0, 0, 0, 0, 0]",7.0
82,"[1, 0, 0, 0, 0, 0, 0, 0, 0, 0, 0, 0, 0, 0]",7.4
83,"[0, 1, 0, 0, 0, 0, 0, 0, 0, 0, 0, 0, 0, 0]",7.0
84,"[1, 0, 0, 0, 0, 0, 0, 0, 0, 0, 0, 0, 0, 0]",7.9
85,"[0, 0, 1, 0, 0, 0, 0, 0, 0, 0, 0, 0, 0, 0]",7.4
86,"[0, 1, 0, 0, 0, 0, 0, 0, 0, 0, 0, 0, 0, 0]",8.1
87,"[1, 0, 0, 0, 0, 0, 0, 0, 0, 0, 0, 0, 0, 0]",7.3
88,"[1, 0, 0, 0, 0, 0, 0, 0, 0, 0, 0, 0, 0, 0]",6.9
89,"[1, 0, 0, 0, 0, 0, 0, 0, 0, 0, 0, 0, 0, 0]",7.6
90,"[1, 0, 0, 0, 0, 0, 0, 0, 0, 0, 0, 0, 0, 0]",7.0
91,"[1, 0, 0, 0, 0, 0, 0, 0, 0, 0, 0, 0, 0, 0]",7.8
92,"[0, 0, 1, 0, 0, 0, 0, 0, 0, 0, 0, 0, 0, 0]",8.0
93,"[0, 0, 1, 0, 0, 0, 0, 0, 0, 0, 0, 0, 0, 0]",7.4
94,"[1, 0, 0, 0, 0, 0, 0, 0, 0, 0, 0, 0, 0, 0]",7.4
95,"[1, 0, 0, 0, 0, 0, 0, 0, 0, 0, 0, 0, 0, 0]",7.3
96,"[0, 0, 1, 0, 0, 0, 0, 0, 0, 0, 0, 0, 0, 0]",7.9
97,"[1, 0, 0, 0, 0, 0, 0, 0, 0, 0, 0, 0, 0, 0]",7.7
98,"[1, 0, 0, 0, 0, 0, 0, 0, 0, 0, 0, 0, 0, 0]",7.0
99,"[0, 0, 0, 1, 0, 0, 0, 0, 0, 0, 0, 0, 0, 0]",7.9
100,"[0, 0, 0, 1, 0, 0, 0, 0, 0, 0, 0, 0, 0, 0]",8.4
101,"[0, 0, 0, 1, 0, 0, 0, 0, 0, 0, 0, 0, 0, 0]",8.1
102,"[0, 0, 0, 1, 0, 0, 0, 0, 0, 0, 0, 0, 0, 0]",8.5
103,"[0, 0, 1, 0, 0, 0, 0, 0, 0, 0, 0, 0, 0, 0]",8.2
104,"[0, 0, 0, 1, 0, 0, 0, 0, 0, 0, 0, 0, 0, 0]",8.3
105,"[0, 0, 0, 1, 0, 0, 0, 0, 0, 0, 0, 0, 0, 0]",8.0
106,"[0, 0, 0, 1, 0, 0, 0, 0, 0, 0, 0, 0, 0, 0]",8.3
107,"[0, 0, 1, 0, 0, 0, 0, 0, 0, 0, 0, 0, 0, 0]",8.1
108,"[0, 0, 1, 0, 0, 0, 0, 0, 0, 0, 0, 0, 0, 0]",8.0
109,"[0, 0, 0, 1, 0, 0, 0, 0, 0, 0, 0, 0, 0, 0]",8.0
110,"[0, 0, 1, 0, 0, 0, 0, 0, 0, 0, 0, 0, 0, 0]",8.6
111,"[0, 0, 1, 0, 0, 0, 0, 0, 0, 0, 0, 0, 0, 0]",7.8
112,"[0, 0, 1, 0, 0, 0, 0, 0, 0, 0, 0, 0, 0, 0]",8.1
113,"[0, 0, 1, 0, 0, 0, 0, 0, 0, 0, 0, 0, 0, 0]",7.4
114,"[0, 0, 0, 1, 0, 0, 0, 0, 0, 0, 0, 0, 0, 0]",7.9
115,"[0, 0, 1, 0, 0, 0, 0, 0, 0, 0, 0, 0, 0, 0]",7.6
116,"[0, 0, 1, 0, 0, 0, 0, 0, 0, 0, 0, 0, 0, 0]",7.5
117,"[0, 0, 1, 0, 0, 0, 0, 0, 0, 0, 0, 0, 0, 0]",8.0
118,"[0, 0, 0, 1, 0, 0, 0, 0, 0, 0, 0, 0, 0, 0]",8.0
119,"[0, 0, 1, 0, 0, 0, 0, 0, 0, 0, 0, 0, 0, 0]",7.2
120,"[0, 0, 1, 0, 0, 0, 0, 0, 0, 0, 0, 0, 0, 0]",7.5
121,"[0, 0, 1, 0, 0, 0, 0, 0, 0, 0, 0, 0, 0, 0]",7.8
122,"[0, 0, 1, 0, 0, 0, 0, 0, 0, 0, 0, 0, 0, 0]",7.7
123,"[0, 0, 1, 0, 0, 0, 0, 0, 0, 0, 0, 0, 0, 0]",7.7
124,"[0, 0, 1, 0, 0, 0, 0, 0, 0, 0, 0, 0, 0, 0]",7.1
125,"[0, 0, 1, 0, 0, 0, 0, 0, 0, 0, 0, 0, 0, 0]",7.3
126,"[0, 0, 0, 1, 0, 0, 0, 0, 0, 0, 0, 0, 0, 0]",8.0
127,"[0, 0, 1, 0, 0, 0, 0, 0, 0, 0, 0, 0, 0, 0]",6.9
128,"[0, 0, 0, 1, 0, 0, 0, 0, 0, 0, 0, 0, 0, 0]",7.1
129,"[0, 0, 1, 0, 0, 0, 0, 0, 0, 0, 0, 0, 0, 0]",8.4
130,"[1, 0, 0, 0, 0, 0, 0, 0, 0, 0, 0, 0, 0, 0]",8.4
131,"[0, 0, 1, 0, 0, 0, 0, 0, 0, 0, 0, 0, 0, 0]",8.4
132,"[0, 0, 1, 0, 0, 0, 0, 0, 0, 0, 0, 0, 0, 0]",7.7
133,"[0, 0, 1, 0, 0, 0, 0, 0, 0, 0, 0, 0, 0, 0]",8.2
134,"[0, 0, 0, 1, 0, 0, 0, 0, 0, 0, 0, 0, 0, 0]",7.3
135,"[1, 0, 0, 0, 0, 0, 0, 0, 0, 0, 0, 0, 0, 0]",7.3
136,"[0, 0, 1, 0, 0, 0, 0, 0, 0, 0, 0, 0, 0, 0]",7.8
137,"[0, 0, 1, 0, 0, 0, 0, 0, 0, 0, 0, 0, 0, 0]",8.0
138,"[0, 0, 0, 1, 0, 0, 0, 0, 0, 0, 0, 0, 0, 0]",8.2
139,"[0, 0, 1, 0, 0, 0, 0, 0, 0, 0, 0, 0, 0, 0]",6.1
140,"[0, 0, 0, 1, 0, 0, 0, 0, 0, 0, 0, 0, 0, 0]",7.2
141,"[0, 0, 1, 0, 0, 0, 0, 0, 0, 0, 0, 0, 0, 0]",7.6
142,"[0, 0, 1, 0, 0, 0, 0, 0, 0, 0, 0, 0, 0, 0]",6.8
143,"[0, 0, 1, 0, 0, 0, 0, 0, 0, 0, 0, 0, 0, 0]",7.2
144,"[0, 0, 0, 1, 0, 0, 0, 0, 0, 0, 0, 0, 0, 0]",7.6
145,"[0, 0, 1, 0, 0, 0, 0, 0, 0, 0, 0, 0, 0, 0]",7.6
146,"[0, 0, 1, 0, 0, 0, 0, 0, 0, 0, 0, 0, 0, 0]",7.3
147,"[0, 0, 1, 0, 0, 0, 0, 0, 0, 0, 0, 0, 0, 0]",7.3
148,"[0, 0, 0, 1, 0, 0, 0, 0, 0, 0, 0, 0, 0, 0]",7.6
149,"[0, 0, 1, 0, 0, 0, 0, 0, 0, 0, 0, 0, 0, 0]",7.2
150,"[0, 0, 0, 0, 1, 0, 0, 0, 0, 0, 0, 0, 0, 0]",8.5
151,"[0, 0, 1, 0, 0, 0, 0, 0, 0, 0, 0, 0, 0, 0]",7.2
152,"[0, 0, 1, 0, 0, 0, 0, 0, 0, 0, 0, 0, 0, 0]",6.9
153,"[0, 0, 1, 0, 0, 0, 0, 0, 0, 0, 0, 0, 0, 0]",7.1
154,"[0, 0, 1, 0, 0, 0, 0, 0, 0, 0, 0, 0, 0, 0]",7.3
155,"[0, 0, 1, 0, 0, 0, 0, 0, 0, 0, 0, 0, 0, 0]",6.4
156,"[0, 0, 0, 1, 0, 0, 0, 0, 0, 0, 0, 0, 0, 0]",6.9
157,"[0, 0, 1, 0, 0, 0, 0, 0, 0, 0, 0, 0, 0, 0]",6.9
158,"[0, 0, 0, 1, 0, 0, 0, 0, 0, 0, 0, 0, 0, 0]",7.3
159,"[0, 0, 1, 0, 0, 0, 0, 0, 0, 0, 0, 0, 0, 0]",6.6
160,"[0, 0, 0, 1, 0, 0, 0, 0, 0, 0, 0, 0, 0, 0]",7.3
161,"[0, 0, 1, 0, 0, 0, 0, 0, 0, 0, 0, 0, 0, 0]",6.9
162,"[0, 0, 1, 0, 0, 0, 0, 0, 0, 0, 0, 0, 0, 0]",7.9
163,"[0, 0, 1, 0, 0, 0, 0, 0, 0, 0, 0, 0, 0, 0]",7.7
164,"[0, 1, 0, 0, 0, 0, 0, 0, 0, 0, 0, 0, 0, 0]",7.7
165,"[0, 0, 1, 0, 0, 0, 0, 0, 0, 0, 0, 0, 0, 0]",6.6
166,"[0, 0, 1, 0, 0, 0, 0, 0, 0, 0, 0, 0, 0, 0]",7.2
167,"[0, 0, 1, 0, 0, 0, 0, 0, 0, 0, 0, 0, 0, 0]",6.8
168,"[0, 0, 0, 1, 0, 0, 0, 0, 0, 0, 0, 0, 0, 0]",7.8
169,"[0, 0, 1, 0, 0, 0, 0, 0, 0, 0, 0, 0, 0, 0]",6.3
170,"[0, 0, 1, 0, 0, 0, 0, 0, 0, 0, 0, 0, 0, 0]",6.5
171,"[0, 0, 1, 0, 0, 0, 0, 0, 0, 0, 0, 0, 0, 0]",7.7
172,"[0, 0, 0, 0, 0, 1, 0, 0, 0, 0, 0, 0, 0, 0]",7.6
173,"[0, 0, 0, 1, 0, 0, 0, 0, 0, 0, 0, 0, 0, 0]",7.3
174,"[0, 0, 1, 0, 0, 0, 0, 0, 0, 0, 0, 0, 0, 0]",8.4
175,"[0, 0, 1, 0, 0, 0, 0, 0, 0, 0, 0, 0, 0, 0]",7.0
176,"[0, 0, 0, 1, 0, 0, 0, 0, 0, 0, 0, 0, 0, 0]",7.0
177,"[0, 1, 0, 0, 0, 0, 0, 0, 0, 0, 0, 0, 0, 0]",6.1
178,"[0, 0, 1, 0, 0, 0, 0, 0, 0, 0, 0, 0, 0, 0]",8.0
179,"[0, 0, 0, 1, 0, 0, 0, 0, 0, 0, 0, 0, 0, 0]",6.6
180,"[0, 0, 1, 0, 0, 0, 0, 0, 0, 0, 0, 0, 0, 0]",6.4
181,"[0, 0, 0, 1, 0, 0, 0, 0, 0, 0, 0, 0, 0, 0]",6.7
182,"[0, 0, 1, 0, 0, 0, 0, 0, 0, 0, 0, 0, 0, 0]",6.0
183,"[0, 0, 1, 0, 0, 0, 0, 0, 0, 0, 0, 0, 0, 0]",7.2
184,"[0, 0, 0, 1, 0, 0, 0, 0, 0, 0, 0, 0, 0, 0]",7.6
185,"[0, 0, 0, 0, 1, 0, 0, 0, 0, 0, 0, 0, 0, 0]",8.1
186,"[1, 0, 0, 0, 0, 0, 0, 0, 0, 0, 0, 0, 0, 0]",6.2
187,"[0, 0, 1, 0, 0, 0, 0, 0, 0, 0, 0, 0, 0, 0]",6.8
188,"[0, 1, 0, 0, 0, 0, 0, 0, 0, 0, 0, 0, 0, 0]",8.0
189,"[0, 0, 1, 0, 0, 0, 0, 0, 0, 0, 0, 0, 0, 0]",6.4
190,"[0, 0, 1, 0, 0, 0, 0, 0, 0, 0, 0, 0, 0, 0]",6.7
191,"[0, 0, 0, 1, 0, 0, 0, 0, 0, 0, 0, 0, 0, 0]",6.1
192,"[0, 0, 1, 0, 0, 0, 0, 0, 0, 0, 0, 0, 0, 0]",7.3
193,"[0, 0, 0, 1, 0, 0, 0, 0, 0, 0, 0, 0, 0, 0]",7.2
194,"[0, 0, 1, 0, 0, 0, 0, 0, 0, 0, 0, 0, 0, 0]",6.5
195,"[0, 0, 1, 0, 0, 0, 0, 0, 0, 0, 0, 0, 0, 0]",8.0
196,"[0, 0, 1, 0, 0, 0, 0, 0, 0, 0, 0, 0, 0, 0]",6.4
197,"[0, 0, 1, 0, 0, 0, 0, 0, 0, 0, 0, 0, 0, 0]",8.1
198,"[0, 0, 0, 1, 0, 0, 0, 0, 0, 0, 0, 0, 0, 0]",7.3
199,"[0, 0, 1, 0, 0, 0, 0, 0, 0, 0, 0, 0, 0, 0]",6.6
200,"[0, 1, 0, 0, 0, 0, 0, 0, 0, 0, 0, 0, 0, 0]",8.9
201,"[0, 1, 0, 0, 0, 0, 0, 0, 0, 0, 0, 0, 0, 0]",8.2
202,"[0, 1, 0, 0, 0, 0, 0, 0, 0, 0, 0, 0, 0, 0]",8.7
203,"[0, 1, 0, 0, 0, 0, 0, 0, 0, 0, 0, 0, 0, 0]",8.3
204,"[1, 0, 0, 0, 0, 0, 0, 0, 0, 0, 0, 0, 0, 0]",8.2
205,"[1, 0, 0, 0, 0, 0, 0, 0, 0, 0, 0, 0, 0, 0]",8.1
206,"[0, 1, 0, 0, 0, 0, 0, 0, 0, 0, 0, 0, 0, 0]",8.5
207,"[0, 1, 0, 0, 0, 0, 0, 0, 0, 0, 0, 0, 0, 0]",8.5
208,"[1, 0, 0, 0, 0, 0, 0, 0, 0, 0, 0, 0, 0, 0]",8.0
209,"[0, 1, 0, 0, 0, 0, 0, 0, 0, 0, 0, 0, 0, 0]",8.0
210,"[0, 1, 0, 0, 0, 0, 0, 0, 0, 0, 0, 0, 0, 0]",8.1
211,"[1, 0, 0, 0, 0, 0, 0, 0, 0, 0, 0, 0, 0, 0]",7.7
212,"[0, 1, 0, 0, 0, 0, 0, 0, 0, 0, 0, 0, 0, 0]",7.7
213,"[0, 1, 0, 0, 0, 0, 0, 0, 0, 0, 0, 0, 0, 0]",8.1
214,"[1, 0, 0, 0, 0, 0, 0, 0, 0, 0, 0, 0, 0, 0]",8.0
215,"[1, 0, 0, 0, 0, 0, 0, 0, 0, 0, 0, 0, 0, 0]",8.0
216,"[0, 1, 0, 0, 0, 0, 0, 0, 0, 0, 0, 0, 0, 0]",8.0
217,"[0, 1, 0, 0, 0, 0, 0, 0, 0, 0, 0, 0, 0, 0]",7.3
218,"[0, 1, 0, 0, 0, 0, 0, 0, 0, 0, 0, 0, 0, 0]",8.1
219,"[0, 1, 0, 0, 0, 0, 0, 0, 0, 0, 0, 0, 0, 0]",8.1
220,"[1, 0, 0, 0, 0, 0, 0, 0, 0, 0, 0, 0, 0, 0]",7.8
221,"[0, 1, 0, 0, 0, 0, 0, 0, 0, 0, 0, 0, 0, 0]",8.1
222,"[1, 0, 0, 0, 0, 0, 0, 0, 0, 0, 0, 0, 0, 0]",7.7
223,"[0, 1, 0, 0, 0, 0, 0, 0, 0, 0, 0, 0, 0, 0]",7.8
224,"[0, 1, 0, 0, 0, 0, 0, 0, 0, 0, 0, 0, 0, 0]",8.3
225,"[1, 0, 0, 0, 0, 0, 0, 0, 0, 0, 0, 0, 0, 0]",7.6
226,"[0, 1, 0, 0, 0, 0, 0, 0, 0, 0, 0, 0, 0, 0]",7.8
227,"[0, 1, 0, 0, 0, 0, 0, 0, 0, 0, 0, 0, 0, 0]",7.6
228,"[1, 0, 0, 0, 0, 0, 0, 0, 0, 0, 0, 0, 0, 0]",8.2
229,"[0, 1, 0, 0, 0, 0, 0, 0, 0, 0, 0, 0, 0, 0]",7.8
230,"[1, 0, 0, 0, 0, 0, 0, 0, 0, 0, 0, 0, 0, 0]",8.1
231,"[1, 0, 0, 0, 0, 0, 0, 0, 0, 0, 0, 0, 0, 0]",7.5
232,"[0, 1, 0, 0, 0, 0, 0, 0, 0, 0, 0, 0, 0, 0]",8.2
233,"[0, 1, 0, 0, 0, 0, 0, 0, 0, 0, 0, 0, 0, 0]",8.2
234,"[0, 1, 0, 0, 0, 0, 0, 0, 0, 0, 0, 0, 0, 0]",7.9
235,"[1, 0, 0, 0, 0, 0, 0, 0, 0, 0, 0, 0, 0, 0]",7.6
236,"[0, 1, 0, 0, 0, 0, 0, 0, 0, 0, 0, 0, 0, 0]",7.0
237,"[0, 1, 0, 0, 0, 0, 0, 0, 0, 0, 0, 0, 0, 0]",7.7
238,"[0, 1, 0, 0, 0, 0, 0, 0, 0, 0, 0, 0, 0, 0]",7.5
239,"[0, 0, 0, 0, 0, 1, 0, 0, 0, 0, 0, 0, 0, 0]",8.3
240,"[1, 0, 0, 0, 0, 0, 0, 0, 0, 0, 0, 0, 0, 0]",7.3
241,"[0, 1, 0, 0, 0, 0, 0, 0, 0, 0, 0, 0, 0, 0]",7.6
242,"[0, 1, 0, 0, 0, 0, 0, 0, 0, 0, 0, 0, 0, 0]",7.7
243,"[1, 0, 0, 0, 0, 0, 0, 0, 0, 0, 0, 0, 0, 0]",8.1
244,"[0, 1, 0, 0, 0, 0, 0, 0, 0, 0, 0, 0, 0, 0]",8.0
245,"[1, 0, 0, 0, 0, 0, 0, 0, 0, 0, 0, 0, 0, 0]",7.8
246,"[1, 0, 0, 0, 0, 0, 0, 0, 0, 0, 0, 0, 0, 0]",7.4
247,"[0, 0, 1, 0, 0, 0, 0, 0, 0, 0, 0, 0, 0, 0]",7.6
248,"[0, 0, 1, 0, 0, 0, 0, 0, 0, 0, 0, 0, 0, 0]",8.0
249,"[0, 0, 1, 0, 0, 0, 0, 0, 0, 0, 0, 0, 0, 0]",8.1
250,"[0, 1, 0, 0, 0, 0, 0, 0, 0, 0, 0, 0, 0, 0]",8.0
251,"[1, 0, 0, 0, 0, 0, 0, 0, 0, 0, 0, 0, 0, 0]",8.0
252,"[0, 1, 0, 0, 0, 0, 0, 0, 0, 0, 0, 0, 0, 0]",7.5
253,"[0, 0, 1, 0, 0, 0, 0, 0, 0, 0, 0, 0, 0, 0]",8.0
254,"[0, 0, 0, 1, 0, 0, 0, 0, 0, 0, 0, 0, 0, 0]",8.0
255,"[0, 0, 1, 0, 0, 0, 0, 0, 0, 0, 0, 0, 0, 0]",7.7
256,"[0, 0, 1, 0, 0, 0, 0, 0, 0, 0, 0, 0, 0, 0]",7.8
257,"[1, 0, 0, 0, 0, 0, 0, 0, 0, 0, 0, 0, 0, 0]",7.1
258,"[0, 0, 1, 0, 0, 0, 0, 0, 0, 0, 0, 0, 0, 0]",7.8
259,"[0, 1, 0, 0, 0, 0, 0, 0, 0, 0, 0, 0, 0, 0]",7.9
260,"[1, 0, 0, 0, 0, 0, 0, 0, 0, 0, 0, 0, 0, 0]",8.0
261,"[0, 1, 0, 0, 0, 0, 0, 0, 0, 0, 0, 0, 0, 0]",7.0
262,"[0, 1, 0, 0, 0, 0, 0, 0, 0, 0, 0, 0, 0, 0]",7.7
263,"[0, 1, 0, 0, 0, 0, 0, 0, 0, 0, 0, 0, 0, 0]",7.5
264,"[0, 1, 0, 0, 0, 0, 0, 0, 0, 0, 0, 0, 0, 0]",7.1
265,"[0, 1, 0, 0, 0, 0, 0, 0, 0, 0, 0, 0, 0, 0]",7.3
266,"[0, 1, 0, 0, 0, 0, 0, 0, 0, 0, 0, 0, 0, 0]",7.5
267,"[0, 1, 0, 0, 0, 0, 0, 0, 0, 0, 0, 0, 0, 0]",6.9
268,"[1, 0, 0, 0, 0, 0, 0, 0, 0, 0, 0, 0, 0, 0]",7.4
269,"[0, 1, 0, 0, 0, 0, 0, 0, 0, 0, 0, 0, 0, 0]",7.8
270,"[0, 1, 0, 0, 0, 0, 0, 0, 0, 0, 0, 0, 0, 0]",7.5
271,"[0, 1, 0, 0, 0, 0, 0, 0, 0, 0, 0, 0, 0, 0]",7.5
272,"[0, 1, 0, 0, 0, 0, 0, 0, 0, 0, 0, 0, 0, 0]",5.6
273,"[0, 1, 0, 0, 0, 0, 0, 0, 0, 0, 0, 0, 0, 0]",7.3
274,"[0, 1, 0, 0, 0, 0, 0, 0, 0, 0, 0, 0, 0, 0]",7.1
275,"[0, 1, 0, 0, 0, 0, 0, 0, 0, 0, 0, 0, 0, 0]",7.8
276,"[1, 0, 0, 0, 0, 0, 0, 0, 0, 0, 0, 0, 0, 0]",7.3
277,"[0, 1, 0, 0, 0, 0, 0, 0, 0, 0, 0, 0, 0, 0]",6.9
278,"[0, 1, 0, 0, 0, 0, 0, 0, 0, 0, 0, 0, 0, 0]",7.2
279,"[0, 1, 0, 0, 0, 0, 0, 0, 0, 0, 0, 0, 0, 0]",8.1
280,"[0, 1, 0, 0, 0, 0, 0, 0, 0, 0, 0, 0, 0, 0]",7.2
281,"[1, 0, 0, 0, 0, 0, 0, 0, 0, 0, 0, 0, 0, 0]",7.5
282,"[1, 0, 0, 0, 0, 0, 0, 0, 0, 0, 0, 0, 0, 0]",7.3
283,"[0, 0, 0, 0, 1, 0, 0, 0, 0, 0, 0, 0, 0, 0]",8.4
284,"[1, 0, 0, 0, 0, 0, 0, 0, 0, 0, 0, 0, 0, 0]",7.2
285,"[1, 0, 0, 0, 0, 0, 0, 0, 0, 0, 0, 0, 0, 0]",7.7
286,"[0, 1, 0, 0, 0, 0, 0, 0, 0, 0, 0, 0, 0, 0]",7.3
287,"[0, 1, 0, 0, 0, 0, 0, 0, 0, 0, 0, 0, 0, 0]",7.0
288,"[0, 1, 0, 0, 0, 0, 0, 0, 0, 0, 0, 0, 0, 0]",7.4
289,"[0, 1, 0, 0, 0, 0, 0, 0, 0, 0, 0, 0, 0, 0]",7.4
290,"[0, 1, 0, 0, 0, 0, 0, 0, 0, 0, 0, 0, 0, 0]",7.3
291,"[1, 0, 0, 0, 0, 0, 0, 0, 0, 0, 0, 0, 0, 0]",6.6
292,"[1, 0, 0, 0, 0, 0, 0, 0, 0, 0, 0, 0, 0, 0]",7.1
293,"[0, 1, 0, 0, 0, 0, 0, 0, 0, 0, 0, 0, 0, 0]",7.3
294,"[0, 1, 0, 0, 0, 0, 0, 0, 0, 0, 0, 0, 0, 0]",7.3
295,"[1, 0, 0, 0, 0, 0, 0, 0, 0, 0, 0, 0, 0, 0]",7.3
296,"[0, 1, 0, 0, 0, 0, 0, 0, 0, 0, 0, 0, 0, 0]",7.8
297,"[0, 1, 0, 0, 0, 0, 0, 0, 0, 0, 0, 0, 0, 0]",7.4
298,"[1, 0, 0, 0, 0, 0, 0, 0, 0, 0, 0, 0, 0, 0]",7.9
299,"[0, 1, 0, 0, 0, 0, 0, 0, 0, 0, 0, 0, 0, 0]",7.3
300,"[1, 0, 0, 0, 0, 0, 0, 0, 0, 0, 0, 0, 0, 0]",8.0
301,"[0, 0, 1, 0, 0, 0, 0, 0, 0, 0, 0, 0, 0, 0]",8.5
302,"[0, 0, 0, 1, 0, 0, 0, 0, 0, 0, 0, 0, 0, 0]",8.1
303,"[0, 0, 1, 0, 0, 0, 0, 0, 0, 0, 0, 0, 0, 0]",8.2
304,"[0, 0, 1, 0, 0, 0, 0, 0, 0, 0, 0, 0, 0, 0]",8.1
305,"[0, 1, 0, 0, 0, 0, 0, 0, 0, 0, 0, 0, 0, 0]",8.0
306,"[0, 0, 0, 1, 0, 0, 0, 0, 0, 0, 0, 0, 0, 0]",8.3
307,"[0, 0, 0, 1, 0, 0, 0, 0, 0, 0, 0, 0, 0, 0]",8.0
308,"[0, 1, 0, 0, 0, 0, 0, 0, 0, 0, 0, 0, 0, 0]",8.3
309,"[0, 0, 0, 1, 0, 0, 0, 0, 0, 0, 0, 0, 0, 0]",8.3
310,"[0, 1, 0, 0, 0, 0, 0, 0, 0, 0, 0, 0, 0, 0]",8.5
311,"[0, 1, 0, 0, 0, 0, 0, 0, 0, 0, 0, 0, 0, 0]",8.1
312,"[0, 1, 0, 0, 0, 0, 0, 0, 0, 0, 0, 0, 0, 0]",7.7
313,"[0, 1, 0, 0, 0, 0, 0, 0, 0, 0, 0, 0, 0, 0]",8.3
314,"[0, 1, 0, 0, 0, 0, 0, 0, 0, 0, 0, 0, 0, 0]",8.1
315,"[0, 1, 0, 0, 0, 0, 0, 0, 0, 0, 0, 0, 0, 0]",7.7
316,"[0, 0, 0, 1, 0, 0, 0, 0, 0, 0, 0, 0, 0, 0]",8.0
317,"[1, 0, 0, 0, 0, 0, 0, 0, 0, 0, 0, 0, 0, 0]",8.6
318,"[0, 0, 1, 0, 0, 0, 0, 0, 0, 0, 0, 0, 0, 0]",7.8
319,"[0, 0, 1, 0, 0, 0, 0, 0, 0, 0, 0, 0, 0, 0]",8.1
320,"[0, 1, 0, 0, 0, 0, 0, 0, 0, 0, 0, 0, 0, 0]",7.7
321,"[0, 0, 1, 0, 0, 0, 0, 0, 0, 0, 0, 0, 0, 0]",8.0
322,"[0, 1, 0, 0, 0, 0, 0, 0, 0, 0, 0, 0, 0, 0]",7.7
323,"[0, 1, 0, 0, 0, 0, 0, 0, 0, 0, 0, 0, 0, 0]",6.9
324,"[1, 0, 0, 0, 0, 0, 0, 0, 0, 0, 0, 0, 0, 0]",7.9
325,"[0, 0, 1, 0, 0, 0, 0, 0, 0, 0, 0, 0, 0, 0]",7.4
326,"[1, 0, 0, 0, 0, 0, 0, 0, 0, 0, 0, 0, 0, 0]",7.3
327,"[1, 0, 0, 0, 0, 0, 0, 0, 0, 0, 0, 0, 0, 0]",7.6
328,"[0, 1, 0, 0, 0, 0, 0, 0, 0, 0, 0, 0, 0, 0]",8.2
329,"[0, 1, 0, 0, 0, 0, 0, 0, 0, 0, 0, 0, 0, 0]",7.6
330,"[0, 0, 0, 1, 0, 0, 0, 0, 0, 0, 0, 0, 0, 0]",7.9
331,"[0, 1, 0, 0, 0, 0, 0, 0, 0, 0, 0, 0, 0, 0]",7.6
332,"[0, 1, 0, 0, 0, 0, 0, 0, 0, 0, 0, 0, 0, 0]",7.6
333,"[1, 0, 0, 0, 0, 0, 0, 0, 0, 0, 0, 0, 0, 0]",7.3
334,"[0, 1, 0, 0, 0, 0, 0, 0, 0, 0, 0, 0, 0, 0]",7.2
335,"[0, 1, 0, 0, 0, 0, 0, 0, 0, 0, 0, 0, 0, 0]",7.9
336,"[0, 0, 1, 0, 0, 0, 0, 0, 0, 0, 0, 0, 0, 0]",7.6
337,"[0, 0, 1, 0, 0, 0, 0, 0, 0, 0, 0, 0, 0, 0]",8.2
338,"[0, 1, 0, 0, 0, 0, 0, 0, 0, 0, 0, 0, 0, 0]",7.7
339,"[1, 0, 0, 0, 0, 0, 0, 0, 0, 0, 0, 0, 0, 0]",8.0
340,"[1, 0, 0, 0, 0, 0, 0, 0, 0, 0, 0, 0, 0, 0]",7.4
341,"[0, 1, 0, 0, 0, 0, 0, 0, 0, 0, 0, 0, 0, 0]",7.6
342,"[0, 0, 1, 0, 0, 0, 0, 0, 0, 0, 0, 0, 0, 0]",7.8
343,"[1, 0, 0, 0, 0, 0, 0, 0, 0, 0, 0, 0, 0, 0]",7.7
344,"[1, 0, 0, 0, 0, 0, 0, 0, 0, 0, 0, 0, 0, 0]",7.4
345,"[0, 1, 0, 0, 0, 0, 0, 0, 0, 0, 0, 0, 0, 0]",7.7
346,"[0, 1, 0, 0, 0, 0, 0, 0, 0, 0, 0, 0, 0, 0]",6.4
347,"[0, 1, 0, 0, 0, 0, 0, 0, 0, 0, 0, 0, 0, 0]",7.8
348,"[0, 0, 1, 0, 0, 0, 0, 0, 0, 0, 0, 0, 0, 0]",7.6
349,"[0, 1, 0, 0, 0, 0, 0, 0, 0, 0, 0, 0, 0, 0]",8.6
350,"[1, 0, 0, 0, 0, 0, 0, 0, 0, 0, 0, 0, 0, 0]",6.5
351,"[0, 0, 1, 0, 0, 0, 0, 0, 0, 0, 0, 0, 0, 0]",8.4
352,"[0, 1, 0, 0, 0, 0, 0, 0, 0, 0, 0, 0, 0, 0]",7.8
353,"[0, 0, 1, 0, 0, 0, 0, 0, 0, 0, 0, 0, 0, 0]",7.5
354,"[0, 0, 1, 0, 0, 0, 0, 0, 0, 0, 0, 0, 0, 0]",8.0
355,"[0, 1, 0, 0, 0, 0, 0, 0, 0, 0, 0, 0, 0, 0]",6.9
356,"[0, 1, 0, 0, 0, 0, 0, 0, 0, 0, 0, 0, 0, 0]",7.6
357,"[0, 0, 1, 0, 0, 0, 0, 0, 0, 0, 0, 0, 0, 0]",6.6
358,"[0, 0, 1, 0, 0, 0, 0, 0, 0, 0, 0, 0, 0, 0]",7.2
359,"[0, 0, 1, 0, 0, 0, 0, 0, 0, 0, 0, 0, 0, 0]",8.1
360,"[0, 1, 0, 0, 0, 0, 0, 0, 0, 0, 0, 0, 0, 0]",8.2
361,"[0, 1, 0, 0, 0, 0, 0, 0, 0, 0, 0, 0, 0, 0]",7.7
362,"[0, 0, 1, 0, 0, 0, 0, 0, 0, 0, 0, 0, 0, 0]",7.7
363,"[1, 0, 0, 0, 0, 0, 0, 0, 0, 0, 0, 0, 0, 0]",7.4
364,"[0, 1, 0, 0, 0, 0, 0, 0, 0, 0, 0, 0, 0, 0]",7.0
365,"[0, 0, 1, 0, 0, 0, 0, 0, 0, 0, 0, 0, 0, 0]",7.4
366,"[0, 1, 0, 0, 0, 0, 0, 0, 0, 0, 0, 0, 0, 0]",7.1
367,"[0, 1, 0, 0, 0, 0, 0, 0, 0, 0, 0, 0, 0, 0]",7.9
368,"[1, 0, 0, 0, 0, 0, 0, 0, 0, 0, 0, 0, 0, 0]",7.7
369,"[0, 1, 0, 0, 0, 0, 0, 0, 0, 0, 0, 0, 0, 0]",6.6
370,"[0, 1, 0, 0, 0, 0, 0, 0, 0, 0, 0, 0, 0, 0]",7.0
371,"[0, 0, 1, 0, 0, 0, 0, 0, 0, 0, 0, 0, 0, 0]",7.7
372,"[0, 1, 0, 0, 0, 0, 0, 0, 0, 0, 0, 0, 0, 0]",7.0
373,"[1, 0, 0, 0, 0, 0, 0, 0, 0, 0, 0, 0, 0, 0]",7.5
374,"[1, 0, 0, 0, 0, 0, 0, 0, 0, 0, 0, 0, 0, 0]",6.8
375,"[0, 0, 1, 0, 0, 0, 0, 0, 0, 0, 0, 0, 0, 0]",7.1
376,"[0, 0, 1, 0, 0, 0, 0, 0, 0, 0, 0, 0, 0, 0]",7.3
377,"[0, 0, 0, 1, 0, 0, 0, 0, 0, 0, 0, 0, 0, 0]",8.0
378,"[1, 0, 0, 0, 0, 0, 0, 0, 0, 0, 0, 0, 0, 0]",6.9
379,"[0, 1, 0, 0, 0, 0, 0, 0, 0, 0, 0, 0, 0, 0]",8.1
380,"[0, 0, 1, 0, 0, 0, 0, 0, 0, 0, 0, 0, 0, 0]",6.9
381,"[0, 0, 0, 1, 0, 0, 0, 0, 0, 0, 0, 0, 0, 0]",7.1
382,"[1, 0, 0, 0, 0, 0, 0, 0, 0, 0, 0, 0, 0, 0]",7.0
383,"[1, 0, 0, 0, 0, 0, 0, 0, 0, 0, 0, 0, 0, 0]",7.3
384,"[0, 1, 0, 0, 0, 0, 0, 0, 0, 0, 0, 0, 0, 0]",7.3
385,"[0, 0, 1, 0, 0, 0, 0, 0, 0, 0, 0, 0, 0, 0]",7.8
386,"[0, 1, 0, 0, 0, 0, 0, 0, 0, 0, 0, 0, 0, 0]",7.8
387,"[0, 1, 0, 0, 0, 0, 0, 0, 0, 0, 0, 0, 0, 0]",7.9
388,"[0, 1, 0, 0, 0, 0, 0, 0, 0, 0, 0, 0, 0, 0]",6.9
389,"[1, 0, 0, 0, 0, 0, 0, 0, 0, 0, 0, 0, 0, 0]",7.9
390,"[0, 1, 0, 0, 0, 0, 0, 0, 0, 0, 0, 0, 0, 0]",7.0
391,"[1, 0, 0, 0, 0, 0, 0, 0, 0, 0, 0, 0, 0, 0]",6.9
392,"[1, 0, 0, 0, 0, 0, 0, 0, 0, 0, 0, 0, 0, 0]",6.2
393,"[1, 0, 0, 0, 0, 0, 0, 0, 0, 0, 0, 0, 0, 0]",8.2
394,"[0, 1, 0, 0, 0, 0, 0, 0, 0, 0, 0, 0, 0, 0]",6.5
395,"[1, 0, 0, 0, 0, 0, 0, 0, 0, 0, 0, 0, 0, 0]",8.4
396,"[1, 0, 0, 0, 0, 0, 0, 0, 0, 0, 0, 0, 0, 0]",6.8
397,"[1, 0, 0, 0, 0, 0, 0, 0, 0, 0, 0, 0, 0, 0]",6.8
398,"[0, 1, 0, 0, 0, 0, 0, 0, 0, 0, 0, 0, 0, 0]",6.9
399,"[1, 0, 0, 0, 0, 0, 0, 0, 0, 0, 0, 0, 0, 0]",7.2
400,"[1, 0, 0, 0, 0, 0, 0, 0, 0, 0, 0, 0, 0, 0]",9.0
401,"[0, 1, 0, 0, 0, 0, 0, 0, 0, 0, 0, 0, 0, 0]",8.9
402,"[0, 1, 0, 0, 0, 0, 0, 0, 0, 0, 0, 0, 0, 0]",9.2
403,"[0, 1, 0, 0, 0, 0, 0, 0, 0, 0, 0, 0, 0, 0]",8.6
404,"[0, 1, 0, 0, 0, 0, 0, 0, 0, 0, 0, 0, 0, 0]",8.6
405,"[0, 1, 0, 0, 0, 0, 0, 0, 0, 0, 0, 0, 0, 0]",8.5
406,"[0, 1, 0, 0, 0, 0, 0, 0, 0, 0, 0, 0, 0, 0]",8.2
407,"[0, 1, 0, 0, 0, 0, 0, 0, 0, 0, 0, 0, 0, 0]",8.6
408,"[0, 1, 0, 0, 0, 0, 0, 0, 0, 0, 0, 0, 0, 0]",9.0
409,"[0, 1, 0, 0, 0, 0, 0, 0, 0, 0, 0, 0, 0, 0]",8.5
410,"[0, 1, 0, 0, 0, 0, 0, 0, 0, 0, 0, 0, 0, 0]",8.7
411,"[0, 1, 0, 0, 0, 0, 0, 0, 0, 0, 0, 0, 0, 0]",8.1
412,"[0, 1, 0, 0, 0, 0, 0, 0, 0, 0, 0, 0, 0, 0]",8.5
413,"[0, 1, 0, 0, 0, 0, 0, 0, 0, 0, 0, 0, 0, 0]",8.3
414,"[0, 1, 0, 0, 0, 0, 0, 0, 0, 0, 0, 0, 0, 0]",8.1
415,"[0, 1, 0, 0, 0, 0, 0, 0, 0, 0, 0, 0, 0, 0]",8.5
416,"[1, 0, 0, 0, 0, 0, 0, 0, 0, 0, 0, 0, 0, 0]",8.1
417,"[0, 1, 0, 0, 0, 0, 0, 0, 0, 0, 0, 0, 0, 0]",8.3
418,"[0, 1, 0, 0, 0, 0, 0, 0, 0, 0, 0, 0, 0, 0]",8.3
419,"[0, 1, 0, 0, 0, 0, 0, 0, 0, 0, 0, 0, 0, 0]",8.0
420,"[0, 1, 0, 0, 0, 0, 0, 0, 0, 0, 0, 0, 0, 0]",8.3
421,"[0, 1, 0, 0, 0, 0, 0, 0, 0, 0, 0, 0, 0, 0]",8.1
422,"[0, 1, 0, 0, 0, 0, 0, 0, 0, 0, 0, 0, 0, 0]",8.3
423,"[0, 1, 0, 0, 0, 0, 0, 0, 0, 0, 0, 0, 0, 0]",8.6
424,"[0, 1, 0, 0, 0, 0, 0, 0, 0, 0, 0, 0, 0, 0]",8.1
425,"[0, 1, 0, 0, 0, 0, 0, 0, 0, 0, 0, 0, 0, 0]",8.0
426,"[0, 0, 0, 0, 0, 1, 0, 0, 0, 0, 0, 0, 0, 0]",8.9
427,"[0, 1, 0, 0, 0, 0, 0, 0, 0, 0, 0, 0, 0, 0]",8.1
428,"[1, 0, 0, 0, 0, 0, 0, 0, 0, 0, 0, 0, 0, 0]",7.3
429,"[0, 1, 0, 0, 0, 0, 0, 0, 0, 0, 0, 0, 0, 0]",8.1
430,"[0, 1, 0, 0, 0, 0, 0, 0, 0, 0, 0, 0, 0, 0]",8.2
431,"[0, 1, 0, 0, 0, 0, 0, 0, 0, 0, 0, 0, 0, 0]",7.8
432,"[0, 1, 0, 0, 0, 0, 0, 0, 0, 0, 0, 0, 0, 0]",8.2
433,"[0, 1, 0, 0, 0, 0, 0, 0, 0, 0, 0, 0, 0, 0]",8.2
434,"[0, 1, 0, 0, 0, 0, 0, 0, 0, 0, 0, 0, 0, 0]",7.6
435,"[0, 1, 0, 0, 0, 0, 0, 0, 0, 0, 0, 0, 0, 0]",7.4
436,"[1, 0, 0, 0, 0, 0, 0, 0, 0, 0, 0, 0, 0, 0]",7.7
437,"[0, 1, 0, 0, 0, 0, 0, 0, 0, 0, 0, 0, 0, 0]",7.2
438,"[1, 0, 0, 0, 0, 0, 0, 0, 0, 0, 0, 0, 0, 0]",7.6
439,"[0, 1, 0, 0, 0, 0, 0, 0, 0, 0, 0, 0, 0, 0]",7.8
440,"[0, 1, 0, 0, 0, 0, 0, 0, 0, 0, 0, 0, 0, 0]",7.6
441,"[0, 1, 0, 0, 0, 0, 0, 0, 0, 0, 0, 0, 0, 0]",8.2
442,"[0, 1, 0, 0, 0, 0, 0, 0, 0, 0, 0, 0, 0, 0]",7.9
443,"[1, 0, 0, 0, 0, 0, 0, 0, 0, 0, 0, 0, 0, 0]",6.5
444,"[0, 1, 0, 0, 0, 0, 0, 0, 0, 0, 0, 0, 0, 0]",7.2
445,"[0, 1, 0, 0, 0, 0, 0, 0, 0, 0, 0, 0, 0, 0]",7.7
446,"[0, 1, 0, 0, 0, 0, 0, 0, 0, 0, 0, 0, 0, 0]",7.6
447,"[0, 1, 0, 0, 0, 0, 0, 0, 0, 0, 0, 0, 0, 0]",6.9
448,"[0, 1, 0, 0, 0, 0, 0, 0, 0, 0, 0, 0, 0, 0]",7.7
449,"[1, 0, 0, 0, 0, 0, 0, 0, 0, 0, 0, 0, 0, 0]",7.8
450,"[0, 1, 0, 0, 0, 0, 0, 0, 0, 0, 0, 0, 0, 0]",7.9
451,"[0, 1, 0, 0, 0, 0, 0, 0, 0, 0, 0, 0, 0, 0]",7.8
452,"[0, 1, 0, 0, 0, 0, 0, 0, 0, 0, 0, 0, 0, 0]",8.2
453,"[0, 1, 0, 0, 0, 0, 0, 0, 0, 0, 0, 0, 0, 0]",8.1
454,"[0, 1, 0, 0, 0, 0, 0, 0, 0, 0, 0, 0, 0, 0]",7.5
455,"[0, 1, 0, 0, 0, 0, 0, 0, 0, 0, 0, 0, 0, 0]",7.0
456,"[0, 1, 0, 0, 0, 0, 0, 0, 0, 0, 0, 0, 0, 0]",7.8
457,"[0, 1, 0, 0, 0, 0, 0, 0, 0, 0, 0, 0, 0, 0]",7.9
458,"[0, 1, 0, 0, 0, 0, 0, 0, 0, 0, 0, 0, 0, 0]",7.7
459,"[0, 1, 0, 0, 0, 0, 0, 0, 0, 0, 0, 0, 0, 0]",7.6
460,"[0, 1, 0, 0, 0, 0, 0, 0, 0, 0, 0, 0, 0, 0]",6.7
461,"[0, 1, 0, 0, 0, 0, 0, 0, 0, 0, 0, 0, 0, 0]",7.5
462,"[1, 0, 0, 0, 0, 0, 0, 0, 0, 0, 0, 0, 0, 0]",6.5
463,"[0, 1, 0, 0, 0, 0, 0, 0, 0, 0, 0, 0, 0, 0]",7.6
464,"[0, 1, 0, 0, 0, 0, 0, 0, 0, 0, 0, 0, 0, 0]",7.5
465,"[1, 0, 0, 0, 0, 0, 0, 0, 0, 0, 0, 0, 0, 0]",7.3
466,"[0, 1, 0, 0, 0, 0, 0, 0, 0, 0, 0, 0, 0, 0]",7.3
467,"[1, 0, 0, 0, 0, 0, 0, 0, 0, 0, 0, 0, 0, 0]",7.9
468,"[0, 1, 0, 0, 0, 0, 0, 0, 0, 0, 0, 0, 0, 0]",7.5
469,"[1, 0, 0, 0, 0, 0, 0, 0, 0, 0, 0, 0, 0, 0]",6.8
470,"[0, 1, 0, 0, 0, 0, 0, 0, 0, 0, 0, 0, 0, 0]",7.0
471,"[1, 0, 0, 0, 0, 0, 0, 0, 0, 0, 0, 0, 0, 0]",7.0
472,"[1, 0, 0, 0, 0, 0, 0, 0, 0, 0, 0, 0, 0, 0]",6.9
473,"[0, 1, 0, 0, 0, 0, 0, 0, 0, 0, 0, 0, 0, 0]",7.6
474,"[0, 1, 0, 0, 0, 0, 0, 0, 0, 0, 0, 0, 0, 0]",7.2
475,"[0, 1, 0, 0, 0, 0, 0, 0, 0, 0, 0, 0, 0, 0]",7.7
476,"[1, 0, 0, 0, 0, 0, 0, 0, 0, 0, 0, 0, 0, 0]",6.9
477,"[0, 1, 0, 0, 0, 0, 0, 0, 0, 0, 0, 0, 0, 0]",6.9
478,"[0, 1, 0, 0, 0, 0, 0, 0, 0, 0, 0, 0, 0, 0]",7.5
479,"[0, 1, 0, 0, 0, 0, 0, 0, 0, 0, 0, 0, 0, 0]",7.0
480,"[0, 1, 0, 0, 0, 0, 0, 0, 0, 0, 0, 0, 0, 0]",8.4
481,"[0, 1, 0, 0, 0, 0, 0, 0, 0, 0, 0, 0, 0, 0]",7.9
482,"[0, 1, 0, 0, 0, 0, 0, 0, 0, 0, 0, 0, 0, 0]",7.7
483,"[0, 0, 1, 0, 0, 0, 0, 0, 0, 0, 0, 0, 0, 0]",6.8
484,"[0, 1, 0, 0, 0, 0, 0, 0, 0, 0, 0, 0, 0, 0]",7.6
485,"[1, 0, 0, 0, 0, 0, 0, 0, 0, 0, 0, 0, 0, 0]",7.0
486,"[0, 0, 0, 0, 0, 1, 0, 0, 0, 0, 0, 0, 0, 0]",8.2
487,"[0, 1, 0, 0, 0, 0, 0, 0, 0, 0, 0, 0, 0, 0]",5.8
488,"[1, 0, 0, 0, 0, 0, 0, 0, 0, 0, 0, 0, 0, 0]",7.0
489,"[0, 1, 0, 0, 0, 0, 0, 0, 0, 0, 0, 0, 0, 0]",7.7
490,"[1, 0, 0, 0, 0, 0, 0, 0, 0, 0, 0, 0, 0, 0]",6.8
491,"[0, 1, 0, 0, 0, 0, 0, 0, 0, 0, 0, 0, 0, 0]",7.2
492,"[1, 0, 0, 0, 0, 0, 0, 0, 0, 0, 0, 0, 0, 0]",7.7
493,"[0, 1, 0, 0, 0, 0, 0, 0, 0, 0, 0, 0, 0, 0]",7.0
494,"[0, 1, 0, 0, 0, 0, 0, 0, 0, 0, 0, 0, 0, 0]",7.9
495,"[0, 1, 0, 0, 0, 0, 0, 0, 0, 0, 0, 0, 0, 0]",6.9
496,"[0, 1, 0, 0, 0, 0, 0, 0, 0, 0, 0, 0, 0, 0]",7.7
497,"[1, 0, 0, 0, 0, 0, 0, 0, 0, 0, 0, 0, 0, 0]",7.0
498,"[0, 1, 0, 0, 0, 0, 0, 0, 0, 0, 0, 0, 0, 0]",7.4
499,"[0, 1, 0, 0, 0, 0, 0, 0, 0, 0, 0, 0, 0, 0]",7.4
500,"[0, 1, 0, 0, 0, 0, 0, 0, 0, 0, 0, 0, 0, 0]",9.3
501,"[1, 0, 0, 0, 0, 0, 0, 0, 0, 0, 0, 0, 0, 0]",9.0
502,"[0, 1, 0, 0, 0, 0, 0, 0, 0, 0, 0, 0, 0, 0]",8.8
503,"[0, 1, 0, 0, 0, 0, 0, 0, 0, 0, 0, 0, 0, 0]",8.9
504,"[1, 0, 0, 0, 0, 0, 0, 0, 0, 0, 0, 0, 0, 0]",8.8
505,"[1, 0, 0, 0, 0, 0, 0, 0, 0, 0, 0, 0, 0, 0]",8.8
506,"[1, 0, 0, 0, 0, 0, 0, 0, 0, 0, 0, 0, 0, 0]",8.9
507,"[0, 1, 0, 0, 0, 0, 0, 0, 0, 0, 0, 0, 0, 0]",9.2
508,"[1, 0, 0, 0, 0, 0, 0, 0, 0, 0, 0, 0, 0, 0]",8.7
509,"[1, 0, 0, 0, 0, 0, 0, 0, 0, 0, 0, 0, 0, 0]",8.6
510,"[0, 1, 0, 0, 0, 0, 0, 0, 0, 0, 0, 0, 0, 0]",8.6
511,"[0, 1, 0, 0, 0, 0, 0, 0, 0, 0, 0, 0, 0, 0]",8.4
512,"[0, 1, 0, 0, 0, 0, 0, 0, 0, 0, 0, 0, 0, 0]",8.5
513,"[0, 1, 0, 0, 0, 0, 0, 0, 0, 0, 0, 0, 0, 0]",8.6
514,"[0, 1, 0, 0, 0, 0, 0, 0, 0, 0, 0, 0, 0, 0]",8.3
515,"[0, 1, 0, 0, 0, 0, 0, 0, 0, 0, 0, 0, 0, 0]",8.6
516,"[0, 1, 0, 0, 0, 0, 0, 0, 0, 0, 0, 0, 0, 0]",8.9
517,"[0, 1, 0, 0, 0, 0, 0, 0, 0, 0, 0, 0, 0, 0]",8.5
518,"[1, 0, 0, 0, 0, 0, 0, 0, 0, 0, 0, 0, 0, 0]",8.5
519,"[0, 1, 0, 0, 0, 0, 0, 0, 0, 0, 0, 0, 0, 0]",8.2
520,"[0, 1, 0, 0, 0, 0, 0, 0, 0, 0, 0, 0, 0, 0]",8.6
521,"[0, 1, 0, 0, 0, 0, 0, 0, 0, 0, 0, 0, 0, 0]",9.0
522,"[0, 1, 0, 0, 0, 0, 0, 0, 0, 0, 0, 0, 0, 0]",8.3
523,"[1, 0, 0, 0, 0, 0, 0, 0, 0, 0, 0, 0, 0, 0]",7.8
524,"[0, 1, 0, 0, 0, 0, 0, 0, 0, 0, 0, 0, 0, 0]",8.5
525,"[0, 1, 0, 0, 0, 0, 0, 0, 0, 0, 0, 0, 0, 0]",8.2
526,"[0, 1, 0, 0, 0, 0, 0, 0, 0, 0, 0, 0, 0, 0]",8.5
527,"[0, 1, 0, 0, 0, 0, 0, 0, 0, 0, 0, 0, 0, 0]",8.7
528,"[0, 1, 0, 0, 0, 0, 0, 0, 0, 0, 0, 0, 0, 0]",8.3
529,"[0, 0, 0, 1, 0, 0, 0, 0, 0, 0, 0, 0, 0, 0]",8.5
530,"[0, 0, 1, 0, 0, 0, 0, 0, 0, 0, 0, 0, 0, 0]",8.1
531,"[0, 1, 0, 0, 0, 0, 0, 0, 0, 0, 0, 0, 0, 0]",8.3
532,"[1, 0, 0, 0, 0, 0, 0, 0, 0, 0, 0, 0, 0, 0]",8.1
533,"[0, 1, 0, 0, 0, 0, 0, 0, 0, 0, 0, 0, 0, 0]",8.7
534,"[0, 1, 0, 0, 0, 0, 0, 0, 0, 0, 0, 0, 0, 0]",8.3
535,"[0, 1, 0, 0, 0, 0, 0, 0, 0, 0, 0, 0, 0, 0]",8.4
536,"[0, 1, 0, 0, 0, 0, 0, 0, 0, 0, 0, 0, 0, 0]",8.3
537,"[0, 1, 0, 0, 0, 0, 0, 0, 0, 0, 0, 0, 0, 0]",8.1
538,"[0, 1, 0, 0, 0, 0, 0, 0, 0, 0, 0, 0, 0, 0]",8.1
539,"[0, 1, 0, 0, 0, 0, 0, 0, 0, 0, 0, 0, 0, 0]",8.5
540,"[1, 0, 0, 0, 0, 0, 0, 0, 0, 0, 0, 0, 0, 0]",8.2
541,"[1, 0, 0, 0, 0, 0, 0, 0, 0, 0, 0, 0, 0, 0]",8.1
542,"[0, 1, 0, 0, 0, 0, 0, 0, 0, 0, 0, 0, 0, 0]",8.0
543,"[1, 0, 0, 0, 0, 0, 0, 0, 0, 0, 0, 0, 0, 0]",7.7
544,"[0, 1, 0, 0, 0, 0, 0, 0, 0, 0, 0, 0, 0, 0]",8.3
545,"[1, 0, 0, 0, 0, 0, 0, 0, 0, 0, 0, 0, 0, 0]",8.1
546,"[1, 0, 0, 0, 0, 0, 0, 0, 0, 0, 0, 0, 0, 0]",8.4
547,"[0, 1, 0, 0, 0, 0, 0, 0, 0, 0, 0, 0, 0, 0]",8.3
548,"[1, 0, 0, 0, 0, 0, 0, 0, 0, 0, 0, 0, 0, 0]",8.0
549,"[0, 1, 0, 0, 0, 0, 0, 0, 0, 0, 0, 0, 0, 0]",8.5
550,"[0, 1, 0, 0, 0, 0, 0, 0, 0, 0, 0, 0, 0, 0]",8.0
551,"[0, 1, 0, 0, 0, 0, 0, 0, 0, 0, 0, 0, 0, 0]",7.6
552,"[0, 1, 0, 0, 0, 0, 0, 0, 0, 0, 0, 0, 0, 0]",8.3
553,"[0, 1, 0, 0, 0, 0, 0, 0, 0, 0, 0, 0, 0, 0]",8.1
554,"[0, 1, 0, 0, 0, 0, 0, 0, 0, 0, 0, 0, 0, 0]",8.5
555,"[0, 1, 0, 0, 0, 0, 0, 0, 0, 0, 0, 0, 0, 0]",8.3
556,"[0, 1, 0, 0, 0, 0, 0, 0, 0, 0, 0, 0, 0, 0]",8.5
557,"[0, 1, 0, 0, 0, 0, 0, 0, 0, 0, 0, 0, 0, 0]",8.0
558,"[0, 1, 0, 0, 0, 0, 0, 0, 0, 0, 0, 0, 0, 0]",8.6
559,"[0, 1, 0, 0, 0, 0, 0, 0, 0, 0, 0, 0, 0, 0]",8.0
560,"[1, 0, 0, 0, 0, 0, 0, 0, 0, 0, 0, 0, 0, 0]",7.2
561,"[1, 0, 0, 0, 0, 0, 0, 0, 0, 0, 0, 0, 0, 0]",8.0
562,"[0, 0, 0, 0, 0, 1, 0, 0, 0, 0, 0, 0, 0, 0]",8.9
563,"[0, 1, 0, 0, 0, 0, 0, 0, 0, 0, 0, 0, 0, 0]",8.3
564,"[0, 1, 0, 0, 0, 0, 0, 0, 0, 0, 0, 0, 0, 0]",7.7
565,"[0, 1, 0, 0, 0, 0, 0, 0, 0, 0, 0, 0, 0, 0]",8.0
566,"[0, 1, 0, 0, 0, 0, 0, 0, 0, 0, 0, 0, 0, 0]",8.1
567,"[0, 1, 0, 0, 0, 0, 0, 0, 0, 0, 0, 0, 0, 0]",8.1
568,"[0, 1, 0, 0, 0, 0, 0, 0, 0, 0, 0, 0, 0, 0]",8.1
569,"[1, 0, 0, 0, 0, 0, 0, 0, 0, 0, 0, 0, 0, 0]",8.1
570,"[1, 0, 0, 0, 0, 0, 0, 0, 0, 0, 0, 0, 0, 0]",7.7
571,"[0, 1, 0, 0, 0, 0, 0, 0, 0, 0, 0, 0, 0, 0]",8.2
572,"[1, 0, 0, 0, 0, 0, 0, 0, 0, 0, 0, 0, 0, 0]",8.6
573,"[0, 1, 0, 0, 0, 0, 0, 0, 0, 0, 0, 0, 0, 0]",8.1
574,"[0, 1, 0, 0, 0, 0, 0, 0, 0, 0, 0, 0, 0, 0]",8.4
575,"[0, 1, 0, 0, 0, 0, 0, 0, 0, 0, 0, 0, 0, 0]",8.1
576,"[1, 0, 0, 0, 0, 0, 0, 0, 0, 0, 0, 0, 0, 0]",7.8
577,"[1, 0, 0, 0, 0, 0, 0, 0, 0, 0, 0, 0, 0, 0]",7.9
578,"[0, 0, 1, 0, 0, 0, 0, 0, 0, 0, 0, 0, 0, 0]",7.9
579,"[0, 1, 0, 0, 0, 0, 0, 0, 0, 0, 0, 0, 0, 0]",7.7
580,"[0, 1, 0, 0, 0, 0, 0, 0, 0, 0, 0, 0, 0, 0]",7.7
581,"[0, 1, 0, 0, 0, 0, 0, 0, 0, 0, 0, 0, 0, 0]",8.2
582,"[0, 1, 0, 0, 0, 0, 0, 0, 0, 0, 0, 0, 0, 0]",8.1
583,"[0, 1, 0, 0, 0, 0, 0, 0, 0, 0, 0, 0, 0, 0]",7.8
584,"[0, 1, 0, 0, 0, 0, 0, 0, 0, 0, 0, 0, 0, 0]",7.4
585,"[1, 0, 0, 0, 0, 0, 0, 0, 0, 0, 0, 0, 0, 0]",7.9
586,"[0, 1, 0, 0, 0, 0, 0, 0, 0, 0, 0, 0, 0, 0]",8.2
587,"[0, 1, 0, 0, 0, 0, 0, 0, 0, 0, 0, 0, 0, 0]",8.0
588,"[1, 0, 0, 0, 0, 0, 0, 0, 0, 0, 0, 0, 0, 0]",7.8
589,"[0, 0, 1, 0, 0, 0, 0, 0, 0, 0, 0, 0, 0, 0]",8.5
590,"[1, 0, 0, 0, 0, 0, 0, 0, 0, 0, 0, 0, 0, 0]",7.8
591,"[0, 0, 1, 0, 0, 0, 0, 0, 0, 0, 0, 0, 0, 0]",8.1
592,"[0, 1, 0, 0, 0, 0, 0, 0, 0, 0, 0, 0, 0, 0]",8.2
593,"[0, 1, 0, 0, 0, 0, 0, 0, 0, 0, 0, 0, 0, 0]",8.4
594,"[0, 1, 0, 0, 0, 0, 0, 0, 0, 0, 0, 0, 0, 0]",7.8
595,"[1, 0, 0, 0, 0, 0, 0, 0, 0, 0, 0, 0, 0, 0]",7.6
596,"[1, 0, 0, 0, 0, 0, 0, 0, 0, 0, 0, 0, 0, 0]",7.1
597,"[0, 1, 0, 0, 0, 0, 0, 0, 0, 0, 0, 0, 0, 0]",7.7
598,"[0, 1, 0, 0, 0, 0, 0, 0, 0, 0, 0, 0, 0, 0]",7.6
599,"[0, 1, 0, 0, 0, 0, 0, 0, 0, 0, 0, 0, 0, 0]",8.0
600,"[1, 0, 0, 0, 0, 0, 0, 0, 0, 0, 0, 0, 0, 0]",8.9
601,"[1, 0, 0, 0, 0, 0, 0, 0, 0, 0, 0, 0, 0, 0]",8.7
602,"[0, 0, 1, 0, 0, 0, 0, 0, 0, 0, 0, 0, 0, 0]",8.6
603,"[0, 0, 1, 0, 0, 0, 0, 0, 0, 0, 0, 0, 0, 0]",8.7
604,"[0, 1, 0, 0, 0, 0, 0, 0, 0, 0, 0, 0, 0, 0]",8.6
605,"[1, 0, 0, 0, 0, 0, 0, 0, 0, 0, 0, 0, 0, 0]",7.8
606,"[1, 0, 0, 0, 0, 0, 0, 0, 0, 0, 0, 0, 0, 0]",8.0
607,"[0, 0, 1, 0, 0, 0, 0, 0, 0, 0, 0, 0, 0, 0]",8.3
608,"[1, 0, 0, 0, 0, 0, 0, 0, 0, 0, 0, 0, 0, 0]",7.8
609,"[1, 0, 0, 0, 0, 0, 0, 0, 0, 0, 0, 0, 0, 0]",8.1
610,"[1, 0, 0, 0, 0, 0, 0, 0, 0, 0, 0, 0, 0, 0]",7.0
611,"[0, 0, 1, 0, 0, 0, 0, 0, 0, 0, 0, 0, 0, 0]",6.5
612,"[1, 0, 0, 0, 0, 0, 0, 0, 0, 0, 0, 0, 0, 0]",7.5
613,"[1, 0, 0, 0, 0, 0, 0, 0, 0, 0, 0, 0, 0, 0]",7.3
614,"[0, 0, 1, 0, 0, 0, 0, 0, 0, 0, 0, 0, 0, 0]",6.5
615,"[0, 0, 1, 0, 0, 0, 0, 0, 0, 0, 0, 0, 0, 0]",7.6
616,"[0, 1, 0, 0, 0, 0, 0, 0, 0, 0, 0, 0, 0, 0]",8.2
617,"[1, 0, 0, 0, 0, 0, 0, 0, 0, 0, 0, 0, 0, 0]",7.8
618,"[1, 0, 0, 0, 0, 0, 0, 0, 0, 0, 0, 0, 0, 0]",7.1
619,"[1, 0, 0, 0, 0, 0, 0, 0, 0, 0, 0, 0, 0, 0]",6.0
620,"[1, 0, 0, 0, 0, 0, 0, 0, 0, 0, 0, 0, 0, 0]",6.9
621,"[1, 0, 0, 0, 0, 0, 0, 0, 0, 0, 0, 0, 0, 0]",7.5
622,"[1, 0, 0, 0, 0, 0, 0, 0, 0, 0, 0, 0, 0, 0]",7.8
623,"[0, 0, 1, 0, 0, 0, 0, 0, 0, 0, 0, 0, 0, 0]",7.9
624,"[0, 0, 1, 0, 0, 0, 0, 0, 0, 0, 0, 0, 0, 0]",8.0
625,"[1, 0, 0, 0, 0, 0, 0, 0, 0, 0, 0, 0, 0, 0]",7.0
626,"[0, 0, 1, 0, 0, 0, 0, 0, 0, 0, 0, 0, 0, 0]",7.4
627,"[1, 0, 0, 0, 0, 0, 0, 0, 0, 0, 0, 0, 0, 0]",7.4
628,"[0, 0, 1, 0, 0, 0, 0, 0, 0, 0, 0, 0, 0, 0]",7.9
629,"[1, 0, 0, 0, 0, 0, 0, 0, 0, 0, 0, 0, 0, 0]",7.7
630,"[0, 1, 0, 0, 0, 0, 0, 0, 0, 0, 0, 0, 0, 0]",7.6
631,"[0, 0, 1, 0, 0, 0, 0, 0, 0, 0, 0, 0, 0, 0]",8.2
632,"[1, 0, 0, 0, 0, 0, 0, 0, 0, 0, 0, 0, 0, 0]",6.6
633,"[1, 0, 0, 0, 0, 0, 0, 0, 0, 0, 0, 0, 0, 0]",7.4
634,"[1, 0, 0, 0, 0, 0, 0, 0, 0, 0, 0, 0, 0, 0]",7.7
635,"[1, 0, 0, 0, 0, 0, 0, 0, 0, 0, 0, 0, 0, 0]",7.9
636,"[1, 0, 0, 0, 0, 0, 0, 0, 0, 0, 0, 0, 0, 0]",6.4
637,"[1, 0, 0, 0, 0, 0, 0, 0, 0, 0, 0, 0, 0, 0]",5.2
638,"[0, 0, 0, 1, 0, 0, 0, 0, 0, 0, 0, 0, 0, 0]",8.0
639,"[1, 0, 0, 0, 0, 0, 0, 0, 0, 0, 0, 0, 0, 0]",8.0
640,"[1, 0, 0, 0, 0, 0, 0, 0, 0, 0, 0, 0, 0, 0]",7.3
641,"[0, 0, 0, 0, 0, 0, 1, 0, 0, 0, 0, 0, 0, 0]",8.6
642,"[1, 0, 0, 0, 0, 0, 0, 0, 0, 0, 0, 0, 0, 0]",7.0
643,"[0, 0, 1, 0, 0, 0, 0, 0, 0, 0, 0, 0, 0, 0]",8.1
644,"[1, 0, 0, 0, 0, 0, 0, 0, 0, 0, 0, 0, 0, 0]",7.7
645,"[0, 0, 1, 0, 0, 0, 0, 0, 0, 0, 0, 0, 0, 0]",6.4
646,"[1, 0, 0, 0, 0, 0, 0, 0, 0, 0, 0, 0, 0, 0]",6.4
647,"[0, 0, 1, 0, 0, 0, 0, 0, 0, 0, 0, 0, 0, 0]",8.0
648,"[1, 0, 0, 0, 0, 0, 0, 0, 0, 0, 0, 0, 0, 0]",7.5
649,"[1, 0, 0, 0, 0, 0, 0, 0, 0, 0, 0, 0, 0, 0]",6.8
650,"[0, 0, 1, 0, 0, 0, 0, 0, 0, 0, 0, 0, 0, 0]",6.9
651,"[0, 1, 0, 0, 0, 0, 0, 0, 0, 0, 0, 0, 0, 0]",7.3
652,"[0, 1, 0, 0, 0, 0, 0, 0, 0, 0, 0, 0, 0, 0]",6.7
653,"[1, 0, 0, 0, 0, 0, 0, 0, 0, 0, 0, 0, 0, 0]",7.6
654,"[0, 0, 1, 0, 0, 0, 0, 0, 0, 0, 0, 0, 0, 0]",7.8
655,"[1, 0, 0, 0, 0, 0, 0, 0, 0, 0, 0, 0, 0, 0]",7.0
656,"[1, 0, 0, 0, 0, 0, 0, 0, 0, 0, 0, 0, 0, 0]",6.7
657,"[1, 0, 0, 0, 0, 0, 0, 0, 0, 0, 0, 0, 0, 0]",8.4
658,"[0, 1, 0, 0, 0, 0, 0, 0, 0, 0, 0, 0, 0, 0]",7.3
659,"[1, 0, 0, 0, 0, 0, 0, 0, 0, 0, 0, 0, 0, 0]",5.7
660,"[0, 1, 0, 0, 0, 0, 0, 0, 0, 0, 0, 0, 0, 0]",7.7
661,"[1, 0, 0, 0, 0, 0, 0, 0, 0, 0, 0, 0, 0, 0]",6.8
662,"[1, 0, 0, 0, 0, 0, 0, 0, 0, 0, 0, 0, 0, 0]",6.4
663,"[0, 0, 1, 0, 0, 0, 0, 0, 0, 0, 0, 0, 0, 0]",7.5
664,"[0, 1, 0, 0, 0, 0, 0, 0, 0, 0, 0, 0, 0, 0]",7.0
665,"[1, 0, 0, 0, 0, 0, 0, 0, 0, 0, 0, 0, 0, 0]",6.3
666,"[0, 1, 0, 0, 0, 0, 0, 0, 0, 0, 0, 0, 0, 0]",7.8
667,"[0, 0, 1, 0, 0, 0, 0, 0, 0, 0, 0, 0, 0, 0]",7.3
668,"[0, 0, 1, 0, 0, 0, 0, 0, 0, 0, 0, 0, 0, 0]",8.0
669,"[1, 0, 0, 0, 0, 0, 0, 0, 0, 0, 0, 0, 0, 0]",6.9
670,"[0, 0, 0, 1, 0, 0, 0, 0, 0, 0, 0, 0, 0, 0]",8.2
671,"[1, 0, 0, 0, 0, 0, 0, 0, 0, 0, 0, 0, 0, 0]",7.0
672,"[1, 0, 0, 0, 0, 0, 0, 0, 0, 0, 0, 0, 0, 0]",6.6
673,"[1, 0, 0, 0, 0, 0, 0, 0, 0, 0, 0, 0, 0, 0]",5.8
674,"[0, 0, 1, 0, 0, 0, 0, 0, 0, 0, 0, 0, 0, 0]",7.1
675,"[1, 0, 0, 0, 0, 0, 0, 0, 0, 0, 0, 0, 0, 0]",6.6
676,"[1, 0, 0, 0, 0, 0, 0, 0, 0, 0, 0, 0, 0, 0]",4.7
677,"[1, 0, 0, 0, 0, 0, 0, 0, 0, 0, 0, 0, 0, 0]",6.6
678,"[1, 0, 0, 0, 0, 0, 0, 0, 0, 0, 0, 0, 0, 0]",7.0
679,"[1, 0, 0, 0, 0, 0, 0, 0, 0, 0, 0, 0, 0, 0]",6.8
680,"[0, 0, 1, 0, 0, 0, 0, 0, 0, 0, 0, 0, 0, 0]",7.5
681,"[1, 0, 0, 0, 0, 0, 0, 0, 0, 0, 0, 0, 0, 0]",7.8
682,"[1, 0, 0, 0, 0, 0, 0, 0, 0, 0, 0, 0, 0, 0]",7.6
683,"[0, 1, 0, 0, 0, 0, 0, 0, 0, 0, 0, 0, 0, 0]",7.0
684,"[0, 0, 1, 0, 0, 0, 0, 0, 0, 0, 0, 0, 0, 0]",5.6
685,"[0, 1, 0, 0, 0, 0, 0, 0, 0, 0, 0, 0, 0, 0]",6.9
686,"[1, 0, 0, 0, 0, 0, 0, 0, 0, 0, 0, 0, 0, 0]",6.2
687,"[1, 0, 0, 0, 0, 0, 0, 0, 0, 0, 0, 0, 0, 0]",6.1
688,"[1, 0, 0, 0, 0, 0, 0, 0, 0, 0, 0, 0, 0, 0]",6.8
689,"[0, 0, 0, 1, 0, 0, 0, 0, 0, 0, 0, 0, 0, 0]",7.6
690,"[1, 0, 0, 0, 0, 0, 0, 0, 0, 0, 0, 0, 0, 0]",6.0
691,"[1, 0, 0, 0, 0, 0, 0, 0, 0, 0, 0, 0, 0, 0]",5.5
692,"[1, 0, 0, 0, 0, 0, 0, 0, 0, 0, 0, 0, 0, 0]",5.0
693,"[1, 0, 0, 0, 0, 0, 0, 0, 0, 0, 0, 0, 0, 0]",6.6
694,"[1, 0, 0, 0, 0, 0, 0, 0, 0, 0, 0, 0, 0, 0]",5.2
695,"[1, 0, 0, 0, 0, 0, 0, 0, 0, 0, 0, 0, 0, 0]",4.9
696,"[1, 0, 0, 0, 0, 0, 0, 0, 0, 0, 0, 0, 0, 0]",7.5
697,"[0, 0, 1, 0, 0, 0, 0, 0, 0, 0, 0, 0, 0, 0]",6.9
698,"[0, 0, 1, 0, 0, 0, 0, 0, 0, 0, 0, 0, 0, 0]",7.0
699,"[0, 1, 0, 0, 0, 0, 0, 0, 0, 0, 0, 0, 0, 0]",7.8
700,"[0, 1, 0, 0, 0, 0, 0, 0, 0, 0, 0, 0, 0, 0]",8.9
701,"[0, 1, 0, 0, 0, 0, 0, 0, 0, 0, 0, 0, 0, 0]",8.3
702,"[0, 1, 0, 0, 0, 0, 0, 0, 0, 0, 0, 0, 0, 0]",8.0
703,"[0, 1, 0, 0, 0, 0, 0, 0, 0, 0, 0, 0, 0, 0]",8.1
704,"[1, 0, 0, 0, 0, 0, 0, 0, 0, 0, 0, 0, 0, 0]",7.9
705,"[0, 1, 0, 0, 0, 0, 0, 0, 0, 0, 0, 0, 0, 0]",7.2
706,"[0, 1, 0, 0, 0, 0, 0, 0, 0, 0, 0, 0, 0, 0]",8.1
707,"[0, 1, 0, 0, 0, 0, 0, 0, 0, 0, 0, 0, 0, 0]",8.3
708,"[0, 1, 0, 0, 0, 0, 0, 0, 0, 0, 0, 0, 0, 0]",7.7
709,"[1, 0, 0, 0, 0, 0, 0, 0, 0, 0, 0, 0, 0, 0]",7.6
710,"[1, 0, 0, 0, 0, 0, 0, 0, 0, 0, 0, 0, 0, 0]",8.1
711,"[0, 1, 0, 0, 0, 0, 0, 0, 0, 0, 0, 0, 0, 0]",8.2
712,"[1, 0, 0, 0, 0, 0, 0, 0, 0, 0, 0, 0, 0, 0]",6.2
713,"[1, 0, 0, 0, 0, 0, 0, 0, 0, 0, 0, 0, 0, 0]",7.6
714,"[0, 0, 0, 0, 0, 0, 1, 0, 0, 0, 0, 0, 0, 0]",8.1
715,"[1, 0, 0, 0, 0, 0, 0, 0, 0, 0, 0, 0, 0, 0]",7.6
716,"[0, 1, 0, 0, 0, 0, 0, 0, 0, 0, 0, 0, 0, 0]",7.4
717,"[0, 0, 1, 0, 0, 0, 0, 0, 0, 0, 0, 0, 0, 0]",7.6
718,"[0, 1, 0, 0, 0, 0, 0, 0, 0, 0, 0, 0, 0, 0]",7.2
719,"[1, 0, 0, 0, 0, 0, 0, 0, 0, 0, 0, 0, 0, 0]",7.3
720,"[0, 1, 0, 0, 0, 0, 0, 0, 0, 0, 0, 0, 0, 0]",7.6
721,"[1, 0, 0, 0, 0, 0, 0, 0, 0, 0, 0, 0, 0, 0]",6.8
722,"[1, 0, 0, 0, 0, 0, 0, 0, 0, 0, 0, 0, 0, 0]",7.1
723,"[0, 0, 0, 0, 1, 0, 0, 0, 0, 0, 0, 0, 0, 0]",8.2
724,"[0, 0, 1, 0, 0, 0, 0, 0, 0, 0, 0, 0, 0, 0]",8.0
725,"[0, 0, 0, 1, 0, 0, 0, 0, 0, 0, 0, 0, 0, 0]",8.1
726,"[0, 1, 0, 0, 0, 0, 0, 0, 0, 0, 0, 0, 0, 0]",7.1
727,"[0, 1, 0, 0, 0, 0, 0, 0, 0, 0, 0, 0, 0, 0]",7.5
728,"[0, 0, 1, 0, 0, 0, 0, 0, 0, 0, 0, 0, 0, 0]",7.8
729,"[1, 0, 0, 0, 0, 0, 0, 0, 0, 0, 0, 0, 0, 0]",7.6
730,"[0, 1, 0, 0, 0, 0, 0, 0, 0, 0, 0, 0, 0, 0]",7.9
731,"[1, 0, 0, 0, 0, 0, 0, 0, 0, 0, 0, 0, 0, 0]",8.0
732,"[0, 1, 0, 0, 0, 0, 0, 0, 0, 0, 0, 0, 0, 0]",7.7
733,"[1, 0, 0, 0, 0, 0, 0, 0, 0, 0, 0, 0, 0, 0]",7.9
734,"[1, 0, 0, 0, 0, 0, 0, 0, 0, 0, 0, 0, 0, 0]",7.3
735,"[1, 0, 0, 0, 0, 0, 0, 0, 0, 0, 0, 0, 0, 0]",7.3
736,"[1, 0, 0, 0, 0, 0, 0, 0, 0, 0, 0, 0, 0, 0]",7.1
737,"[0, 0, 1, 0, 0, 0, 0, 0, 0, 0, 0, 0, 0, 0]",8.1
738,"[0, 1, 0, 0, 0, 0, 0, 0, 0, 0, 0, 0, 0, 0]",8.0
739,"[0, 1, 0, 0, 0, 0, 0, 0, 0, 0, 0, 0, 0, 0]",7.2
740,"[0, 1, 0, 0, 0, 0, 0, 0, 0, 0, 0, 0, 0, 0]",7.2
741,"[0, 1, 0, 0, 0, 0, 0, 0, 0, 0, 0, 0, 0, 0]",7.2
742,"[1, 0, 0, 0, 0, 0, 0, 0, 0, 0, 0, 0, 0, 0]",6.1
743,"[0, 1, 0, 0, 0, 0, 0, 0, 0, 0, 0, 0, 0, 0]",7.8
744,"[0, 1, 0, 0, 0, 0, 0, 0, 0, 0, 0, 0, 0, 0]",6.6
745,"[0, 0, 1, 0, 0, 0, 0, 0, 0, 0, 0, 0, 0, 0]",7.7
746,"[0, 0, 0, 0, 1, 0, 0, 0, 0, 0, 0, 0, 0, 0]",8.2
747,"[1, 0, 0, 0, 0, 0, 0, 0, 0, 0, 0, 0, 0, 0]",7.3
748,"[1, 0, 0, 0, 0, 0, 0, 0, 0, 0, 0, 0, 0, 0]",7.3
749,"[1, 0, 0, 0, 0, 0, 0, 0, 0, 0, 0, 0, 0, 0]",7.3
750,"[1, 0, 0, 0, 0, 0, 0, 0, 0, 0, 0, 0, 0, 0]",6.7
751,"[0, 1, 0, 0, 0, 0, 0, 0, 0, 0, 0, 0, 0, 0]",7.7
752,"[0, 0, 1, 0, 0, 0, 0, 0, 0, 0, 0, 0, 0, 0]",8.0
753,"[1, 0, 0, 0, 0, 0, 0, 0, 0, 0, 0, 0, 0, 0]",6.4
754,"[0, 1, 0, 0, 0, 0, 0, 0, 0, 0, 0, 0, 0, 0]",6.7
755,"[0, 1, 0, 0, 0, 0, 0, 0, 0, 0, 0, 0, 0, 0]",7.5
756,"[0, 1, 0, 0, 0, 0, 0, 0, 0, 0, 0, 0, 0, 0]",7.2
757,"[0, 0, 1, 0, 0, 0, 0, 0, 0, 0, 0, 0, 0, 0]",7.4
758,"[1, 0, 0, 0, 0, 0, 0, 0, 0, 0, 0, 0, 0, 0]",7.7
759,"[0, 1, 0, 0, 0, 0, 0, 0, 0, 0, 0, 0, 0, 0]",7.4
760,"[0, 1, 0, 0, 0, 0, 0, 0, 0, 0, 0, 0, 0, 0]",7.8
761,"[0, 0, 0, 0, 0, 0, 1, 0, 0, 0, 0, 0, 0, 0]",8.0
762,"[1, 0, 0, 0, 0, 0, 0, 0, 0, 0, 0, 0, 0, 0]",7.5
763,"[1, 0, 0, 0, 0, 0, 0, 0, 0, 0, 0, 0, 0, 0]",7.7
764,"[1, 0, 0, 0, 0, 0, 0, 0, 0, 0, 0, 0, 0, 0]",6.7
765,"[0, 1, 0, 0, 0, 0, 0, 0, 0, 0, 0, 0, 0, 0]",7.2
766,"[0, 1, 0, 0, 0, 0, 0, 0, 0, 0, 0, 0, 0, 0]",6.4
767,"[1, 0, 0, 0, 0, 0, 0, 0, 0, 0, 0, 0, 0, 0]",6.9
768,"[1, 0, 0, 0, 0, 0, 0, 0, 0, 0, 0, 0, 0, 0]",5.9
769,"[0, 1, 0, 0, 0, 0, 0, 0, 0, 0, 0, 0, 0, 0]",7.2
770,"[1, 0, 0, 0, 0, 0, 0, 0, 0, 0, 0, 0, 0, 0]",6.6
771,"[0, 1, 0, 0, 0, 0, 0, 0, 0, 0, 0, 0, 0, 0]",6.7
772,"[0, 1, 0, 0, 0, 0, 0, 0, 0, 0, 0, 0, 0, 0]",7.0
773,"[0, 1, 0, 0, 0, 0, 0, 0, 0, 0, 0, 0, 0, 0]",7.3
774,"[0, 1, 0, 0, 0, 0, 0, 0, 0, 0, 0, 0, 0, 0]",7.8
775,"[1, 0, 0, 0, 0, 0, 0, 0, 0, 0, 0, 0, 0, 0]",6.8
776,"[1, 0, 0, 0, 0, 0, 0, 0, 0, 0, 0, 0, 0, 0]",7.3
777,"[0, 1, 0, 0, 0, 0, 0, 0, 0, 0, 0, 0, 0, 0]",6.5
778,"[0, 1, 0, 0, 0, 0, 0, 0, 0, 0, 0, 0, 0, 0]",6.6
779,"[1, 0, 0, 0, 0, 0, 0, 0, 0, 0, 0, 0, 0, 0]",7.5
780,"[1, 0, 0, 0, 0, 0, 0, 0, 0, 0, 0, 0, 0, 0]",6.8
781,"[1, 0, 0, 0, 0, 0, 0, 0, 0, 0, 0, 0, 0, 0]",6.7
782,"[0, 0, 1, 0, 0, 0, 0, 0, 0, 0, 0, 0, 0, 0]",7.3
783,"[0, 0, 0, 0, 1, 0, 0, 0, 0, 0, 0, 0, 0, 0]",6.7
784,"[0, 0, 1, 0, 0, 0, 0, 0, 0, 0, 0, 0, 0, 0]",7.4
785,"[1, 0, 0, 0, 0, 0, 0, 0, 0, 0, 0, 0, 0, 0]",7.3
786,"[1, 0, 0, 0, 0, 0, 0, 0, 0, 0, 0, 0, 0, 0]",7.3
787,"[0, 1, 0, 0, 0, 0, 0, 0, 0, 0, 0, 0, 0, 0]",6.6
788,"[0, 0, 0, 0, 1, 0, 0, 0, 0, 0, 0, 0, 0, 0]",8.0
789,"[0, 0, 0, 0, 1, 0, 0, 0, 0, 0, 0, 0, 0, 0]",8.0
790,"[0, 0, 0, 1, 0, 0, 0, 0, 0, 0, 0, 0, 0, 0]",7.8
791,"[1, 0, 0, 0, 0, 0, 0, 0, 0, 0, 0, 0, 0, 0]",6.7
792,"[0, 0, 1, 0, 0, 0, 0, 0, 0, 0, 0, 0, 0, 0]",7.4
793,"[0, 1, 0, 0, 0, 0, 0, 0, 0, 0, 0, 0, 0, 0]",7.8
794,"[0, 1, 0, 0, 0, 0, 0, 0, 0, 0, 0, 0, 0, 0]",7.6
795,"[0, 1, 0, 0, 0, 0, 0, 0, 0, 0, 0, 0, 0, 0]",7.6
796,"[0, 0, 1, 0, 0, 0, 0, 0, 0, 0, 0, 0, 0, 0]",7.5
797,"[0, 1, 0, 0, 0, 0, 0, 0, 0, 0, 0, 0, 0, 0]",7.3
798,"[0, 0, 0, 0, 0, 0, 1, 0, 0, 0, 0, 0, 0, 0]",8.1
799,"[0, 1, 0, 0, 0, 0, 0, 0, 0, 0, 0, 0, 0, 0]",7.6
800,"[0, 1, 0, 0, 0, 0, 0, 0, 0, 0, 0, 0, 0, 0]",8.4
801,"[0, 1, 0, 0, 0, 0, 0, 0, 0, 0, 0, 0, 0, 0]",8.4
802,"[1, 0, 0, 0, 0, 0, 0, 0, 0, 0, 0, 0, 0, 0]",7.0
803,"[0, 1, 0, 0, 0, 0, 0, 0, 0, 0, 0, 0, 0, 0]",8.5
804,"[0, 1, 0, 0, 0, 0, 0, 0, 0, 0, 0, 0, 0, 0]",7.9
805,"[0, 1, 0, 0, 0, 0, 0, 0, 0, 0, 0, 0, 0, 0]",7.7
806,"[0, 1, 0, 0, 0, 0, 0, 0, 0, 0, 0, 0, 0, 0]",7.3
807,"[0, 1, 0, 0, 0, 0, 0, 0, 0, 0, 0, 0, 0, 0]",7.5
808,"[1, 0, 0, 0, 0, 0, 0, 0, 0, 0, 0, 0, 0, 0]",7.3
809,"[1, 0, 0, 0, 0, 0, 0, 0, 0, 0, 0, 0, 0, 0]",7.5
810,"[0, 1, 0, 0, 0, 0, 0, 0, 0, 0, 0, 0, 0, 0]",7.6
811,"[0, 1, 0, 0, 0, 0, 0, 0, 0, 0, 0, 0, 0, 0]",7.6
812,"[1, 0, 0, 0, 0, 0, 0, 0, 0, 0, 0, 0, 0, 0]",7.0
813,"[0, 1, 0, 0, 0, 0, 0, 0, 0, 0, 0, 0, 0, 0]",7.0
814,"[0, 1, 0, 0, 0, 0, 0, 0, 0, 0, 0, 0, 0, 0]",8.1
815,"[0, 1, 0, 0, 0, 0, 0, 0, 0, 0, 0, 0, 0, 0]",8.0
816,"[0, 1, 0, 0, 0, 0, 0, 0, 0, 0, 0, 0, 0, 0]",7.3
817,"[1, 0, 0, 0, 0, 0, 0, 0, 0, 0, 0, 0, 0, 0]",7.6
818,"[0, 1, 0, 0, 0, 0, 0, 0, 0, 0, 0, 0, 0, 0]",7.3
819,"[1, 0, 0, 0, 0, 0, 0, 0, 0, 0, 0, 0, 0, 0]",7.1
820,"[1, 0, 0, 0, 0, 0, 0, 0, 0, 0, 0, 0, 0, 0]",6.8
821,"[0, 1, 0, 0, 0, 0, 0, 0, 0, 0, 0, 0, 0, 0]",7.0
822,"[0, 1, 0, 0, 0, 0, 0, 0, 0, 0, 0, 0, 0, 0]",7.6
823,"[1, 0, 0, 0, 0, 0, 0, 0, 0, 0, 0, 0, 0, 0]",7.2
824,"[0, 1, 0, 0, 0, 0, 0, 0, 0, 0, 0, 0, 0, 0]",7.2
825,"[0, 1, 0, 0, 0, 0, 0, 0, 0, 0, 0, 0, 0, 0]",7.2
826,"[0, 1, 0, 0, 0, 0, 0, 0, 0, 0, 0, 0, 0, 0]",7.1
827,"[0, 1, 0, 0, 0, 0, 0, 0, 0, 0, 0, 0, 0, 0]",6.5
828,"[1, 0, 0, 0, 0, 0, 0, 0, 0, 0, 0, 0, 0, 0]",6.8
829,"[0, 1, 0, 0, 0, 0, 0, 0, 0, 0, 0, 0, 0, 0]",6.9
830,"[0, 1, 0, 0, 0, 0, 0, 0, 0, 0, 0, 0, 0, 0]",6.6
831,"[0, 1, 0, 0, 0, 0, 0, 0, 0, 0, 0, 0, 0, 0]",7.0
832,"[1, 0, 0, 0, 0, 0, 0, 0, 0, 0, 0, 0, 0, 0]",6.8
833,"[0, 1, 0, 0, 0, 0, 0, 0, 0, 0, 0, 0, 0, 0]",6.4
834,"[0, 1, 0, 0, 0, 0, 0, 0, 0, 0, 0, 0, 0, 0]",6.7
835,"[1, 0, 0, 0, 0, 0, 0, 0, 0, 0, 0, 0, 0, 0]",6.2
836,"[0, 1, 0, 0, 0, 0, 0, 0, 0, 0, 0, 0, 0, 0]",7.1
837,"[0, 1, 0, 0, 0, 0, 0, 0, 0, 0, 0, 0, 0, 0]",7.3
838,"[0, 1, 0, 0, 0, 0, 0, 0, 0, 0, 0, 0, 0, 0]",6.6
839,"[0, 1, 0, 0, 0, 0, 0, 0, 0, 0, 0, 0, 0, 0]",6.5
840,"[0, 1, 0, 0, 0, 0, 0, 0, 0, 0, 0, 0, 0, 0]",6.7
841,"[0, 1, 0, 0, 0, 0, 0, 0, 0, 0, 0, 0, 0, 0]",6.2
842,"[0, 1, 0, 0, 0, 0, 0, 0, 0, 0, 0, 0, 0, 0]",7.1
843,"[0, 1, 0, 0, 0, 0, 0, 0, 0, 0, 0, 0, 0, 0]",7.8
844,"[0, 1, 0, 0, 0, 0, 0, 0, 0, 0, 0, 0, 0, 0]",6.3
845,"[0, 1, 0, 0, 0, 0, 0, 0, 0, 0, 0, 0, 0, 0]",7.3
846,"[1, 0, 0, 0, 0, 0, 0, 0, 0, 0, 0, 0, 0, 0]",6.9
847,"[0, 1, 0, 0, 0, 0, 0, 0, 0, 0, 0, 0, 0, 0]",7.3
848,"[0, 1, 0, 0, 0, 0, 0, 0, 0, 0, 0, 0, 0, 0]",6.8
849,"[0, 1, 0, 0, 0, 0, 0, 0, 0, 0, 0, 0, 0, 0]",6.5
850,"[0, 1, 0, 0, 0, 0, 0, 0, 0, 0, 0, 0, 0, 0]",7.1
851,"[0, 1, 0, 0, 0, 0, 0, 0, 0, 0, 0, 0, 0, 0]",6.9
852,"[0, 1, 0, 0, 0, 0, 0, 0, 0, 0, 0, 0, 0, 0]",6.8
853,"[0, 1, 0, 0, 0, 0, 0, 0, 0, 0, 0, 0, 0, 0]",6.6
854,"[0, 1, 0, 0, 0, 0, 0, 0, 0, 0, 0, 0, 0, 0]",7.5
855,"[0, 1, 0, 0, 0, 0, 0, 0, 0, 0, 0, 0, 0, 0]",5.7
856,"[0, 1, 0, 0, 0, 0, 0, 0, 0, 0, 0, 0, 0, 0]",7.2
857,"[0, 1, 0, 0, 0, 0, 0, 0, 0, 0, 0, 0, 0, 0]",6.7
858,"[0, 1, 0, 0, 0, 0, 0, 0, 0, 0, 0, 0, 0, 0]",6.1
859,"[0, 0, 1, 0, 0, 0, 0, 0, 0, 0, 0, 0, 0, 0]",7.3
860,"[0, 0, 0, 0, 1, 0, 0, 0, 0, 0, 0, 0, 0, 0]",6.8
861,"[0, 1, 0, 0, 0, 0, 0, 0, 0, 0, 0, 0, 0, 0]",6.9
862,"[0, 1, 0, 0, 0, 0, 0, 0, 0, 0, 0, 0, 0, 0]",6.9
863,"[0, 1, 0, 0, 0, 0, 0, 0, 0, 0, 0, 0, 0, 0]",7.4
864,"[0, 1, 0, 0, 0, 0, 0, 0, 0, 0, 0, 0, 0, 0]",8.0
865,"[1, 0, 0, 0, 0, 0, 0, 0, 0, 0, 0, 0, 0, 0]",6.5
866,"[0, 1, 0, 0, 0, 0, 0, 0, 0, 0, 0, 0, 0, 0]",6.6
867,"[0, 1, 0, 0, 0, 0, 0, 0, 0, 0, 0, 0, 0, 0]",6.2
868,"[0, 1, 0, 0, 0, 0, 0, 0, 0, 0, 0, 0, 0, 0]",6.6
869,"[1, 0, 0, 0, 0, 0, 0, 0, 0, 0, 0, 0, 0, 0]",5.6
870,"[0, 0, 0, 0, 0, 0, 0, 1, 0, 0, 0, 0, 0, 0]",7.5
871,"[0, 1, 0, 0, 0, 0, 0, 0, 0, 0, 0, 0, 0, 0]",6.3
872,"[0, 1, 0, 0, 0, 0, 0, 0, 0, 0, 0, 0, 0, 0]",7.5
873,"[0, 1, 0, 0, 0, 0, 0, 0, 0, 0, 0, 0, 0, 0]",6.2
874,"[1, 0, 0, 0, 0, 0, 0, 0, 0, 0, 0, 0, 0, 0]",6.4
875,"[0, 1, 0, 0, 0, 0, 0, 0, 0, 0, 0, 0, 0, 0]",7.4
876,"[0, 1, 0, 0, 0, 0, 0, 0, 0, 0, 0, 0, 0, 0]",5.9
877,"[1, 0, 0, 0, 0, 0, 0, 0, 0, 0, 0, 0, 0, 0]",6.2
878,"[1, 0, 0, 0, 0, 0, 0, 0, 0, 0, 0, 0, 0, 0]",7.7
879,"[0, 1, 0, 0, 0, 0, 0, 0, 0, 0, 0, 0, 0, 0]",7.1
880,"[0, 1, 0, 0, 0, 0, 0, 0, 0, 0, 0, 0, 0, 0]",7.4
881,"[0, 1, 0, 0, 0, 0, 0, 0, 0, 0, 0, 0, 0, 0]",7.5
882,"[0, 1, 0, 0, 0, 0, 0, 0, 0, 0, 0, 0, 0, 0]",6.6
883,"[0, 1, 0, 0, 0, 0, 0, 0, 0, 0, 0, 0, 0, 0]",5.8
884,"[0, 1, 0, 0, 0, 0, 0, 0, 0, 0, 0, 0, 0, 0]",7.5
885,"[0, 1, 0, 0, 0, 0, 0, 0, 0, 0, 0, 0, 0, 0]",6.4
886,"[0, 1, 0, 0, 0, 0, 0, 0, 0, 0, 0, 0, 0, 0]",7.6
887,"[0, 1, 0, 0, 0, 0, 0, 0, 0, 0, 0, 0, 0, 0]",6.7
888,"[0, 1, 0, 0, 0, 0, 0, 0, 0, 0, 0, 0, 0, 0]",6.5
889,"[0, 1, 0, 0, 0, 0, 0, 0, 0, 0, 0, 0, 0, 0]",6.2
890,"[1, 0, 0, 0, 0, 0, 0, 0, 0, 0, 0, 0, 0, 0]",6.6
891,"[0, 1, 0, 0, 0, 0, 0, 0, 0, 0, 0, 0, 0, 0]",6.2
892,"[0, 1, 0, 0, 0, 0, 0, 0, 0, 0, 0, 0, 0, 0]",7.7
893,"[0, 1, 0, 0, 0, 0, 0, 0, 0, 0, 0, 0, 0, 0]",5.9
894,"[0, 1, 0, 0, 0, 0, 0, 0, 0, 0, 0, 0, 0, 0]",5.3
895,"[0, 1, 0, 0, 0, 0, 0, 0, 0, 0, 0, 0, 0, 0]",6.8
896,"[0, 1, 0, 0, 0, 0, 0, 0, 0, 0, 0, 0, 0, 0]",7.4
897,"[0, 0, 0, 0, 0, 0, 0, 0, 1, 0, 0, 0, 0, 0]",7.5
898,"[0, 1, 0, 0, 0, 0, 0, 0, 0, 0, 0, 0, 0, 0]",7.8
899,"[0, 1, 0, 0, 0, 0, 0, 0, 0, 0, 0, 0, 0, 0]",6.4
900,"[0, 1, 0, 0, 0, 0, 0, 0, 0, 0, 0, 0, 0, 0]",8.5
901,"[0, 1, 0, 0, 0, 0, 0, 0, 0, 0, 0, 0, 0, 0]",8.5
902,"[1, 0, 0, 0, 0, 0, 0, 0, 0, 0, 0, 0, 0, 0]",8.0
903,"[1, 0, 0, 0, 0, 0, 0, 0, 0, 0, 0, 0, 0, 0]",8.0
904,"[0, 1, 0, 0, 0, 0, 0, 0, 0, 0, 0, 0, 0, 0]",7.7
905,"[1, 0, 0, 0, 0, 0, 0, 0, 0, 0, 0, 0, 0, 0]",7.2
906,"[1, 0, 0, 0, 0, 0, 0, 0, 0, 0, 0, 0, 0, 0]",7.1
907,"[0, 1, 0, 0, 0, 0, 0, 0, 0, 0, 0, 0, 0, 0]",7.1
908,"[0, 0, 0, 0, 1, 0, 0, 0, 0, 0, 0, 0, 0, 0]",8.2
909,"[1, 0, 0, 0, 0, 0, 0, 0, 0, 0, 0, 0, 0, 0]",7.8
910,"[1, 0, 0, 0, 0, 0, 0, 0, 0, 0, 0, 0, 0, 0]",7.0
911,"[0, 1, 0, 0, 0, 0, 0, 0, 0, 0, 0, 0, 0, 0]",6.4
912,"[0, 1, 0, 0, 0, 0, 0, 0, 0, 0, 0, 0, 0, 0]",7.5
913,"[1, 0, 0, 0, 0, 0, 0, 0, 0, 0, 0, 0, 0, 0]",7.0
914,"[0, 1, 0, 0, 0, 0, 0, 0, 0, 0, 0, 0, 0, 0]",7.4
915,"[1, 0, 0, 0, 0, 0, 0, 0, 0, 0, 0, 0, 0, 0]",6.4
916,"[1, 0, 0, 0, 0, 0, 0, 0, 0, 0, 0, 0, 0, 0]",7.7
917,"[0, 1, 0, 0, 0, 0, 0, 0, 0, 0, 0, 0, 0, 0]",7.5
918,"[1, 0, 0, 0, 0, 0, 0, 0, 0, 0, 0, 0, 0, 0]",6.8
919,"[0, 1, 0, 0, 0, 0, 0, 0, 0, 0, 0, 0, 0, 0]",7.9
920,"[0, 1, 0, 0, 0, 0, 0, 0, 0, 0, 0, 0, 0, 0]",7.7
921,"[0, 1, 0, 0, 0, 0, 0, 0, 0, 0, 0, 0, 0, 0]",7.3
922,"[1, 0, 0, 0, 0, 0, 0, 0, 0, 0, 0, 0, 0, 0]",6.3
923,"[0, 1, 0, 0, 0, 0, 0, 0, 0, 0, 0, 0, 0, 0]",6.3
924,"[1, 0, 0, 0, 0, 0, 0, 0, 0, 0, 0, 0, 0, 0]",6.7
925,"[0, 1, 0, 0, 0, 0, 0, 0, 0, 0, 0, 0, 0, 0]",7.8
926,"[1, 0, 0, 0, 0, 0, 0, 0, 0, 0, 0, 0, 0, 0]",6.5
927,"[0, 0, 1, 0, 0, 0, 0, 0, 0, 0, 0, 0, 0, 0]",6.9
928,"[0, 1, 0, 0, 0, 0, 0, 0, 0, 0, 0, 0, 0, 0]",7.4
929,"[1, 0, 0, 0, 0, 0, 0, 0, 0, 0, 0, 0, 0, 0]",5.7
930,"[0, 1, 0, 0, 0, 0, 0, 0, 0, 0, 0, 0, 0, 0]",7.0
931,"[0, 0, 1, 0, 0, 0, 0, 0, 0, 0, 0, 0, 0, 0]",7.5
932,"[1, 0, 0, 0, 0, 0, 0, 0, 0, 0, 0, 0, 0, 0]",6.8
933,"[0, 1, 0, 0, 0, 0, 0, 0, 0, 0, 0, 0, 0, 0]",6.8
934,"[1, 0, 0, 0, 0, 0, 0, 0, 0, 0, 0, 0, 0, 0]",6.5
935,"[1, 0, 0, 0, 0, 0, 0, 0, 0, 0, 0, 0, 0, 0]",6.6
936,"[0, 1, 0, 0, 0, 0, 0, 0, 0, 0, 0, 0, 0, 0]",7.9
937,"[0, 1, 0, 0, 0, 0, 0, 0, 0, 0, 0, 0, 0, 0]",6.3
938,"[0, 1, 0, 0, 0, 0, 0, 0, 0, 0, 0, 0, 0, 0]",7.2
939,"[1, 0, 0, 0, 0, 0, 0, 0, 0, 0, 0, 0, 0, 0]",7.9
940,"[0, 1, 0, 0, 0, 0, 0, 0, 0, 0, 0, 0, 0, 0]",7.2
941,"[1, 0, 0, 0, 0, 0, 0, 0, 0, 0, 0, 0, 0, 0]",7.6
942,"[0, 0, 1, 0, 0, 0, 0, 0, 0, 0, 0, 0, 0, 0]",6.0
943,"[1, 0, 0, 0, 0, 0, 0, 0, 0, 0, 0, 0, 0, 0]",6.2
944,"[0, 1, 0, 0, 0, 0, 0, 0, 0, 0, 0, 0, 0, 0]",7.6
945,"[1, 0, 0, 0, 0, 0, 0, 0, 0, 0, 0, 0, 0, 0]",6.4
946,"[0, 1, 0, 0, 0, 0, 0, 0, 0, 0, 0, 0, 0, 0]",7.0
947,"[0, 1, 0, 0, 0, 0, 0, 0, 0, 0, 0, 0, 0, 0]",7.3
948,"[0, 1, 0, 0, 0, 0, 0, 0, 0, 0, 0, 0, 0, 0]",6.8
949,"[0, 0, 1, 0, 0, 0, 0, 0, 0, 0, 0, 0, 0, 0]",6.6
950,"[1, 0, 0, 0, 0, 0, 0, 0, 0, 0, 0, 0, 0, 0]",6.5
951,"[0, 1, 0, 0, 0, 0, 0, 0, 0, 0, 0, 0, 0, 0]",6.8
952,"[0, 0, 1, 0, 0, 0, 0, 0, 0, 0, 0, 0, 0, 0]",6.9
953,"[0, 1, 0, 0, 0, 0, 0, 0, 0, 0, 0, 0, 0, 0]",7.7
954,"[0, 1, 0, 0, 0, 0, 0, 0, 0, 0, 0, 0, 0, 0]",6.9
955,"[0, 1, 0, 0, 0, 0, 0, 0, 0, 0, 0, 0, 0, 0]",7.1
956,"[0, 0, 1, 0, 0, 0, 0, 0, 0, 0, 0, 0, 0, 0]",7.2
957,"[0, 1, 0, 0, 0, 0, 0, 0, 0, 0, 0, 0, 0, 0]",8.1
958,"[1, 0, 0, 0, 0, 0, 0, 0, 0, 0, 0, 0, 0, 0]",6.2
959,"[1, 0, 0, 0, 0, 0, 0, 0, 0, 0, 0, 0, 0, 0]",6.3
960,"[1, 0, 0, 0, 0, 0, 0, 0, 0, 0, 0, 0, 0, 0]",7.9
961,"[0, 1, 0, 0, 0, 0, 0, 0, 0, 0, 0, 0, 0, 0]",6.9
962,"[1, 0, 0, 0, 0, 0, 0, 0, 0, 0, 0, 0, 0, 0]",5.8
963,"[0, 1, 0, 0, 0, 0, 0, 0, 0, 0, 0, 0, 0, 0]",6.7
964,"[0, 1, 0, 0, 0, 0, 0, 0, 0, 0, 0, 0, 0, 0]",5.6
965,"[1, 0, 0, 0, 0, 0, 0, 0, 0, 0, 0, 0, 0, 0]",6.7
966,"[1, 0, 0, 0, 0, 0, 0, 0, 0, 0, 0, 0, 0, 0]",7.7
967,"[0, 0, 1, 0, 0, 0, 0, 0, 0, 0, 0, 0, 0, 0]",7.6
968,"[1, 0, 0, 0, 0, 0, 0, 0, 0, 0, 0, 0, 0, 0]",6.7
969,"[1, 0, 0, 0, 0, 0, 0, 0, 0, 0, 0, 0, 0, 0]",8.1
970,"[0, 1, 0, 0, 0, 0, 0, 0, 0, 0, 0, 0, 0, 0]",6.2
971,"[0, 1, 0, 0, 0, 0, 0, 0, 0, 0, 0, 0, 0, 0]",6.5
972,"[0, 1, 0, 0, 0, 0, 0, 0, 0, 0, 0, 0, 0, 0]",7.4
973,"[1, 0, 0, 0, 0, 0, 0, 0, 0, 0, 0, 0, 0, 0]",5.9
974,"[0, 1, 0, 0, 0, 0, 0, 0, 0, 0, 0, 0, 0, 0]",7.1
975,"[0, 1, 0, 0, 0, 0, 0, 0, 0, 0, 0, 0, 0, 0]",7.6
976,"[1, 0, 0, 0, 0, 0, 0, 0, 0, 0, 0, 0, 0, 0]",5.4
977,"[1, 0, 0, 0, 0, 0, 0, 0, 0, 0, 0, 0, 0, 0]",6.1
978,"[0, 0, 0, 0, 1, 0, 0, 0, 0, 0, 0, 0, 0, 0]",7.2
979,"[0, 1, 0, 0, 0, 0, 0, 0, 0, 0, 0, 0, 0, 0]",6.3
980,"[0, 1, 0, 0, 0, 0, 0, 0, 0, 0, 0, 0, 0, 0]",7.8
981,"[0, 0, 0, 0, 0, 0, 0, 0, 1, 0, 0, 0, 0, 0]",7.0
982,"[0, 0, 0, 1, 0, 0, 0, 0, 0, 0, 0, 0, 0, 0]",7.6
983,"[0, 1, 0, 0, 0, 0, 0, 0, 0, 0, 0, 0, 0, 0]",7.3
984,"[0, 0, 0, 0, 1, 0, 0, 0, 0, 0, 0, 0, 0, 0]",7.7
985,"[1, 0, 0, 0, 0, 0, 0, 0, 0, 0, 0, 0, 0, 0]",6.6
986,"[1, 0, 0, 0, 0, 0, 0, 0, 0, 0, 0, 0, 0, 0]",6.2
987,"[1, 0, 0, 0, 0, 0, 0, 0, 0, 0, 0, 0, 0, 0]",7.4
988,"[0, 0, 1, 0, 0, 0, 0, 0, 0, 0, 0, 0, 0, 0]",7.3
989,"[0, 1, 0, 0, 0, 0, 0, 0, 0, 0, 0, 0, 0, 0]",6.9
990,"[0, 1, 0, 0, 0, 0, 0, 0, 0, 0, 0, 0, 0, 0]",7.0
991,"[0, 0, 0, 0, 1, 0, 0, 0, 0, 0, 0, 0, 0, 0]",5.0
992,"[0, 0, 1, 0, 0, 0, 0, 0, 0, 0, 0, 0, 0, 0]",3.5
993,"[0, 1, 0, 0, 0, 0, 0, 0, 0, 0, 0, 0, 0, 0]",5.9
994,"[0, 1, 0, 0, 0, 0, 0, 0, 0, 0, 0, 0, 0, 0]",6.8
995,"[1, 0, 0, 0, 0, 0, 0, 0, 0, 0, 0, 0, 0, 0]",7.2
996,"[0, 1, 0, 0, 0, 0, 0, 0, 0, 0, 0, 0, 0, 0]",7.6
997,"[0, 1, 0, 0, 0, 0, 0, 0, 0, 0, 0, 0, 0, 0]",7.7
998,"[0, 1, 0, 0, 0, 0, 0, 0, 0, 0, 0, 0, 0, 0]",7.6
999,"[0, 1, 0, 0, 0, 0, 0, 0, 0, 0, 0, 0, 0, 0]",5.9
1000,"[0, 1, 0, 0, 0, 0, 0, 0, 0, 0, 0, 0, 0, 0]",8.6
1001,"[1, 0, 0, 0, 0, 0, 0, 0, 0, 0, 0, 0, 0, 0]",8.5
1002,"[0, 1, 0, 0, 0, 0, 0, 0, 0, 0, 0, 0, 0, 0]",8.4
1003,"[0, 1, 0, 0, 0, 0, 0, 0, 0, 0, 0, 0, 0, 0]",8.1
1004,"[0, 1, 0, 0, 0, 0, 0, 0, 0, 0, 0, 0, 0, 0]",8.5
1005,"[1, 0, 0, 0, 0, 0, 0, 0, 0, 0, 0, 0, 0, 0]",8.1
1006,"[0, 1, 0, 0, 0, 0, 0, 0, 0, 0, 0, 0, 0, 0]",8.1
1007,"[0, 1, 0, 0, 0, 0, 0, 0, 0, 0, 0, 0, 0, 0]",8.0
1008,"[1, 0, 0, 0, 0, 0, 0, 0, 0, 0, 0, 0, 0, 0]",7.5
1009,"[1, 0, 0, 0, 0, 0, 0, 0, 0, 0, 0, 0, 0, 0]",8.0
1010,"[0, 1, 0, 0, 0, 0, 0, 0, 0, 0, 0, 0, 0, 0]",8.4
1011,"[1, 0, 0, 0, 0, 0, 0, 0, 0, 0, 0, 0, 0, 0]",7.3
1012,"[0, 1, 0, 0, 0, 0, 0, 0, 0, 0, 0, 0, 0, 0]",8.5
1013,"[0, 1, 0, 0, 0, 0, 0, 0, 0, 0, 0, 0, 0, 0]",8.1
1014,"[1, 0, 0, 0, 0, 0, 0, 0, 0, 0, 0, 0, 0, 0]",7.6
1015,"[1, 0, 0, 0, 0, 0, 0, 0, 0, 0, 0, 0, 0, 0]",7.9
1016,"[0, 1, 0, 0, 0, 0, 0, 0, 0, 0, 0, 0, 0, 0]",8.0
1017,"[0, 1, 0, 0, 0, 0, 0, 0, 0, 0, 0, 0, 0, 0]",7.0
1018,"[0, 1, 0, 0, 0, 0, 0, 0, 0, 0, 0, 0, 0, 0]",8.2
1019,"[0, 1, 0, 0, 0, 0, 0, 0, 0, 0, 0, 0, 0, 0]",8.4
1020,"[1, 0, 0, 0, 0, 0, 0, 0, 0, 0, 0, 0, 0, 0]",7.9
1021,"[1, 0, 0, 0, 0, 0, 0, 0, 0, 0, 0, 0, 0, 0]",7.6
1022,"[0, 1, 0, 0, 0, 0, 0, 0, 0, 0, 0, 0, 0, 0]",7.8
1023,"[0, 1, 0, 0, 0, 0, 0, 0, 0, 0, 0, 0, 0, 0]",7.6
1024,"[1, 0, 0, 0, 0, 0, 0, 0, 0, 0, 0, 0, 0, 0]",7.5
1025,"[0, 1, 0, 0, 0, 0, 0, 0, 0, 0, 0, 0, 0, 0]",7.7
1026,"[0, 1, 0, 0, 0, 0, 0, 0, 0, 0, 0, 0, 0, 0]",7.7
1027,"[0, 1, 0, 0, 0, 0, 0, 0, 0, 0, 0, 0, 0, 0]",7.8
1028,"[0, 1, 0, 0, 0, 0, 0, 0, 0, 0, 0, 0, 0, 0]",7.7
1029,"[0, 1, 0, 0, 0, 0, 0, 0, 0, 0, 0, 0, 0, 0]",8.0
1030,"[0, 0, 1, 0, 0, 0, 0, 0, 0, 0, 0, 0, 0, 0]",8.4
1031,"[0, 1, 0, 0, 0, 0, 0, 0, 0, 0, 0, 0, 0, 0]",7.5
1032,"[1, 0, 0, 0, 0, 0, 0, 0, 0, 0, 0, 0, 0, 0]",7.7
1033,"[1, 0, 0, 0, 0, 0, 0, 0, 0, 0, 0, 0, 0, 0]",6.7
1034,"[1, 0, 0, 0, 0, 0, 0, 0, 0, 0, 0, 0, 0, 0]",7.5
1035,"[0, 1, 0, 0, 0, 0, 0, 0, 0, 0, 0, 0, 0, 0]",7.9
1036,"[0, 1, 0, 0, 0, 0, 0, 0, 0, 0, 0, 0, 0, 0]",7.8
1037,"[1, 0, 0, 0, 0, 0, 0, 0, 0, 0, 0, 0, 0, 0]",6.8
1038,"[1, 0, 0, 0, 0, 0, 0, 0, 0, 0, 0, 0, 0, 0]",6.6
1039,"[0, 0, 1, 0, 0, 0, 0, 0, 0, 0, 0, 0, 0, 0]",8.3
1040,"[1, 0, 0, 0, 0, 0, 0, 0, 0, 0, 0, 0, 0, 0]",7.3
1041,"[0, 1, 0, 0, 0, 0, 0, 0, 0, 0, 0, 0, 0, 0]",7.6
1042,"[0, 1, 0, 0, 0, 0, 0, 0, 0, 0, 0, 0, 0, 0]",8.1
1043,"[0, 0, 1, 0, 0, 0, 0, 0, 0, 0, 0, 0, 0, 0]",8.3
1044,"[0, 1, 0, 0, 0, 0, 0, 0, 0, 0, 0, 0, 0, 0]",8.4
1045,"[0, 1, 0, 0, 0, 0, 0, 0, 0, 0, 0, 0, 0, 0]",7.4
1046,"[0, 1, 0, 0, 0, 0, 0, 0, 0, 0, 0, 0, 0, 0]",7.8
1047,"[1, 0, 0, 0, 0, 0, 0, 0, 0, 0, 0, 0, 0, 0]",7.0
1048,"[1, 0, 0, 0, 0, 0, 0, 0, 0, 0, 0, 0, 0, 0]",6.7
1049,"[0, 1, 0, 0, 0, 0, 0, 0, 0, 0, 0, 0, 0, 0]",7.6
1050,"[1, 0, 0, 0, 0, 0, 0, 0, 0, 0, 0, 0, 0, 0]",7.6
1051,"[0, 1, 0, 0, 0, 0, 0, 0, 0, 0, 0, 0, 0, 0]",7.9
1052,"[0, 1, 0, 0, 0, 0, 0, 0, 0, 0, 0, 0, 0, 0]",7.3
1053,"[0, 1, 0, 0, 0, 0, 0, 0, 0, 0, 0, 0, 0, 0]",7.5
1054,"[1, 0, 0, 0, 0, 0, 0, 0, 0, 0, 0, 0, 0, 0]",7.1
1055,"[0, 1, 0, 0, 0, 0, 0, 0, 0, 0, 0, 0, 0, 0]",8.0
1056,"[0, 0, 1, 0, 0, 0, 0, 0, 0, 0, 0, 0, 0, 0]",6.9
1057,"[0, 1, 0, 0, 0, 0, 0, 0, 0, 0, 0, 0, 0, 0]",7.7
1058,"[0, 1, 0, 0, 0, 0, 0, 0, 0, 0, 0, 0, 0, 0]",7.4
1059,"[1, 0, 0, 0, 0, 0, 0, 0, 0, 0, 0, 0, 0, 0]",6.4
1060,"[0, 0, 0, 0, 0, 1, 0, 0, 0, 0, 0, 0, 0, 0]",8.3
1061,"[0, 1, 0, 0, 0, 0, 0, 0, 0, 0, 0, 0, 0, 0]",8.2
1062,"[1, 0, 0, 0, 0, 0, 0, 0, 0, 0, 0, 0, 0, 0]",7.2
1063,"[0, 1, 0, 0, 0, 0, 0, 0, 0, 0, 0, 0, 0, 0]",7.2
1064,"[1, 0, 0, 0, 0, 0, 0, 0, 0, 0, 0, 0, 0, 0]",6.8
1065,"[0, 1, 0, 0, 0, 0, 0, 0, 0, 0, 0, 0, 0, 0]",7.2
1066,"[1, 0, 0, 0, 0, 0, 0, 0, 0, 0, 0, 0, 0, 0]",6.7
1067,"[1, 0, 0, 0, 0, 0, 0, 0, 0, 0, 0, 0, 0, 0]",6.8
1068,"[0, 0, 1, 0, 0, 0, 0, 0, 0, 0, 0, 0, 0, 0]",7.4
1069,"[1, 0, 0, 0, 0, 0, 0, 0, 0, 0, 0, 0, 0, 0]",6.9
1070,"[0, 1, 0, 0, 0, 0, 0, 0, 0, 0, 0, 0, 0, 0]",7.6
1071,"[1, 0, 0, 0, 0, 0, 0, 0, 0, 0, 0, 0, 0, 0]",6.8
1072,"[0, 1, 0, 0, 0, 0, 0, 0, 0, 0, 0, 0, 0, 0]",6.9
1073,"[0, 1, 0, 0, 0, 0, 0, 0, 0, 0, 0, 0, 0, 0]",7.8
1074,"[1, 0, 0, 0, 0, 0, 0, 0, 0, 0, 0, 0, 0, 0]",6.5
1075,"[0, 1, 0, 0, 0, 0, 0, 0, 0, 0, 0, 0, 0, 0]",6.6
1076,"[0, 1, 0, 0, 0, 0, 0, 0, 0, 0, 0, 0, 0, 0]",6.5
1077,"[1, 0, 0, 0, 0, 0, 0, 0, 0, 0, 0, 0, 0, 0]",7.2
1078,"[0, 1, 0, 0, 0, 0, 0, 0, 0, 0, 0, 0, 0, 0]",7.3
1079,"[1, 0, 0, 0, 0, 0, 0, 0, 0, 0, 0, 0, 0, 0]",6.2
1080,"[0, 1, 0, 0, 0, 0, 0, 0, 0, 0, 0, 0, 0, 0]",6.3
1081,"[1, 0, 0, 0, 0, 0, 0, 0, 0, 0, 0, 0, 0, 0]",6.8
1082,"[0, 1, 0, 0, 0, 0, 0, 0, 0, 0, 0, 0, 0, 0]",7.3
1083,"[0, 1, 0, 0, 0, 0, 0, 0, 0, 0, 0, 0, 0, 0]",7.3
1084,"[0, 0, 1, 0, 0, 0, 0, 0, 0, 0, 0, 0, 0, 0]",6.5
1085,"[0, 1, 0, 0, 0, 0, 0, 0, 0, 0, 0, 0, 0, 0]",6.8
1086,"[0, 1, 0, 0, 0, 0, 0, 0, 0, 0, 0, 0, 0, 0]",7.8
1087,"[0, 1, 0, 0, 0, 0, 0, 0, 0, 0, 0, 0, 0, 0]",7.2
1088,"[0, 1, 0, 0, 0, 0, 0, 0, 0, 0, 0, 0, 0, 0]",6.9
1089,"[0, 1, 0, 0, 0, 0, 0, 0, 0, 0, 0, 0, 0, 0]",6.8
1090,"[1, 0, 0, 0, 0, 0, 0, 0, 0, 0, 0, 0, 0, 0]",6.5
1091,"[0, 1, 0, 0, 0, 0, 0, 0, 0, 0, 0, 0, 0, 0]",7.7
1092,"[0, 1, 0, 0, 0, 0, 0, 0, 0, 0, 0, 0, 0, 0]",5.0
1093,"[0, 1, 0, 0, 0, 0, 0, 0, 0, 0, 0, 0, 0, 0]",6.4
1094,"[0, 1, 0, 0, 0, 0, 0, 0, 0, 0, 0, 0, 0, 0]",8.2
1095,"[0, 1, 0, 0, 0, 0, 0, 0, 0, 0, 0, 0, 0, 0]",6.9
1096,"[0, 1, 0, 0, 0, 0, 0, 0, 0, 0, 0, 0, 0, 0]",6.9
1097,"[0, 1, 0, 0, 0, 0, 0, 0, 0, 0, 0, 0, 0, 0]",7.6
1098,"[0, 1, 0, 0, 0, 0, 0, 0, 0, 0, 0, 0, 0, 0]",7.1
1099,"[0, 1, 0, 0, 0, 0, 0, 0, 0, 0, 0, 0, 0, 0]",6.6
1100,"[1, 0, 0, 0, 0, 0, 0, 0, 0, 0, 0, 0, 0, 0]",8.8
1101,"[1, 0, 0, 0, 0, 0, 0, 0, 0, 0, 0, 0, 0, 0]",7.8
1102,"[0, 1, 0, 0, 0, 0, 0, 0, 0, 0, 0, 0, 0, 0]",8.3
1103,"[0, 1, 0, 0, 0, 0, 0, 0, 0, 0, 0, 0, 0, 0]",8.3
1104,"[0, 1, 0, 0, 0, 0, 0, 0, 0, 0, 0, 0, 0, 0]",8.0
1105,"[0, 1, 0, 0, 0, 0, 0, 0, 0, 0, 0, 0, 0, 0]",8.3
1106,"[0, 1, 0, 0, 0, 0, 0, 0, 0, 0, 0, 0, 0, 0]",7.7
1107,"[1, 0, 0, 0, 0, 0, 0, 0, 0, 0, 0, 0, 0, 0]",8.6
1108,"[1, 0, 0, 0, 0, 0, 0, 0, 0, 0, 0, 0, 0, 0]",7.8
1109,"[0, 0, 1, 0, 0, 0, 0, 0, 0, 0, 0, 0, 0, 0]",8.0
1110,"[0, 1, 0, 0, 0, 0, 0, 0, 0, 0, 0, 0, 0, 0]",8.0
1111,"[1, 0, 0, 0, 0, 0, 0, 0, 0, 0, 0, 0, 0, 0]",7.8
1112,"[0, 0, 1, 0, 0, 0, 0, 0, 0, 0, 0, 0, 0, 0]",8.5
1113,"[1, 0, 0, 0, 0, 0, 0, 0, 0, 0, 0, 0, 0, 0]",7.8
1114,"[1, 0, 0, 0, 0, 0, 0, 0, 0, 0, 0, 0, 0, 0]",7.2
1115,"[1, 0, 0, 0, 0, 0, 0, 0, 0, 0, 0, 0, 0, 0]",7.7
1116,"[1, 0, 0, 0, 0, 0, 0, 0, 0, 0, 0, 0, 0, 0]",7.4
1117,"[1, 0, 0, 0, 0, 0, 0, 0, 0, 0, 0, 0, 0, 0]",8.0
1118,"[1, 0, 0, 0, 0, 0, 0, 0, 0, 0, 0, 0, 0, 0]",7.9
1119,"[0, 1, 0, 0, 0, 0, 0, 0, 0, 0, 0, 0, 0, 0]",7.6
1120,"[1, 0, 0, 0, 0, 0, 0, 0, 0, 0, 0, 0, 0, 0]",5.2
1121,"[1, 0, 0, 0, 0, 0, 0, 0, 0, 0, 0, 0, 0, 0]",7.4
1122,"[1, 0, 0, 0, 0, 0, 0, 0, 0, 0, 0, 0, 0, 0]",7.7
1123,"[0, 1, 0, 0, 0, 0, 0, 0, 0, 0, 0, 0, 0, 0]",7.1
1124,"[1, 0, 0, 0, 0, 0, 0, 0, 0, 0, 0, 0, 0, 0]",7.7
1125,"[0, 0, 1, 0, 0, 0, 0, 0, 0, 0, 0, 0, 0, 0]",8.3
1126,"[1, 0, 0, 0, 0, 0, 0, 0, 0, 0, 0, 0, 0, 0]",7.0
1127,"[0, 1, 0, 0, 0, 0, 0, 0, 0, 0, 0, 0, 0, 0]",6.9
1128,"[1, 0, 0, 0, 0, 0, 0, 0, 0, 0, 0, 0, 0, 0]",7.0
1129,"[1, 0, 0, 0, 0, 0, 0, 0, 0, 0, 0, 0, 0, 0]",7.7
1130,"[0, 1, 0, 0, 0, 0, 0, 0, 0, 0, 0, 0, 0, 0]",6.5
1131,"[1, 0, 0, 0, 0, 0, 0, 0, 0, 0, 0, 0, 0, 0]",6.8
1132,"[0, 1, 0, 0, 0, 0, 0, 0, 0, 0, 0, 0, 0, 0]",6.9
1133,"[1, 0, 0, 0, 0, 0, 0, 0, 0, 0, 0, 0, 0, 0]",6.8
1134,"[0, 1, 0, 0, 0, 0, 0, 0, 0, 0, 0, 0, 0, 0]",7.7
1135,"[0, 1, 0, 0, 0, 0, 0, 0, 0, 0, 0, 0, 0, 0]",7.7
1136,"[0, 1, 0, 0, 0, 0, 0, 0, 0, 0, 0, 0, 0, 0]",7.4
1137,"[0, 1, 0, 0, 0, 0, 0, 0, 0, 0, 0, 0, 0, 0]",7.6
1138,"[1, 0, 0, 0, 0, 0, 0, 0, 0, 0, 0, 0, 0, 0]",7.8
1139,"[1, 0, 0, 0, 0, 0, 0, 0, 0, 0, 0, 0, 0, 0]",7.0
1140,"[0, 1, 0, 0, 0, 0, 0, 0, 0, 0, 0, 0, 0, 0]",4.1
1141,"[1, 0, 0, 0, 0, 0, 0, 0, 0, 0, 0, 0, 0, 0]",6.6
1142,"[1, 0, 0, 0, 0, 0, 0, 0, 0, 0, 0, 0, 0, 0]",7.3
1143,"[1, 0, 0, 0, 0, 0, 0, 0, 0, 0, 0, 0, 0, 0]",6.7
1144,"[0, 1, 0, 0, 0, 0, 0, 0, 0, 0, 0, 0, 0, 0]",7.1
1145,"[0, 0, 0, 0, 0, 0, 1, 0, 0, 0, 0, 0, 0, 0]",8.1
1146,"[0, 1, 0, 0, 0, 0, 0, 0, 0, 0, 0, 0, 0, 0]",7.0
1147,"[1, 0, 0, 0, 0, 0, 0, 0, 0, 0, 0, 0, 0, 0]",7.2
1148,"[1, 0, 0, 0, 0, 0, 0, 0, 0, 0, 0, 0, 0, 0]",7.7
1149,"[1, 0, 0, 0, 0, 0, 0, 0, 0, 0, 0, 0, 0, 0]",7.1
1150,"[1, 0, 0, 0, 0, 0, 0, 0, 0, 0, 0, 0, 0, 0]",7.6
1151,"[0, 1, 0, 0, 0, 0, 0, 0, 0, 0, 0, 0, 0, 0]",6.8
1152,"[0, 1, 0, 0, 0, 0, 0, 0, 0, 0, 0, 0, 0, 0]",8.1
1153,"[0, 1, 0, 0, 0, 0, 0, 0, 0, 0, 0, 0, 0, 0]",7.1
1154,"[0, 0, 1, 0, 0, 0, 0, 0, 0, 0, 0, 0, 0, 0]",8.0
1155,"[1, 0, 0, 0, 0, 0, 0, 0, 0, 0, 0, 0, 0, 0]",6.3
1156,"[0, 0, 1, 0, 0, 0, 0, 0, 0, 0, 0, 0, 0, 0]",8.0
1157,"[0, 0, 1, 0, 0, 0, 0, 0, 0, 0, 0, 0, 0, 0]",7.8
1158,"[0, 1, 0, 0, 0, 0, 0, 0, 0, 0, 0, 0, 0, 0]",6.9
1159,"[0, 1, 0, 0, 0, 0, 0, 0, 0, 0, 0, 0, 0, 0]",7.8
1160,"[1, 0, 0, 0, 0, 0, 0, 0, 0, 0, 0, 0, 0, 0]",7.0
1161,"[1, 0, 0, 0, 0, 0, 0, 0, 0, 0, 0, 0, 0, 0]",7.1
1162,"[0, 0, 0, 0, 1, 0, 0, 0, 0, 0, 0, 0, 0, 0]",8.2
1163,"[0, 1, 0, 0, 0, 0, 0, 0, 0, 0, 0, 0, 0, 0]",7.3
1164,"[1, 0, 0, 0, 0, 0, 0, 0, 0, 0, 0, 0, 0, 0]",6.9
1165,"[0, 0, 1, 0, 0, 0, 0, 0, 0, 0, 0, 0, 0, 0]",7.2
1166,"[0, 1, 0, 0, 0, 0, 0, 0, 0, 0, 0, 0, 0, 0]",7.6
1167,"[0, 1, 0, 0, 0, 0, 0, 0, 0, 0, 0, 0, 0, 0]",8.0
1168,"[1, 0, 0, 0, 0, 0, 0, 0, 0, 0, 0, 0, 0, 0]",7.9
1169,"[0, 1, 0, 0, 0, 0, 0, 0, 0, 0, 0, 0, 0, 0]",6.5
1170,"[1, 0, 0, 0, 0, 0, 0, 0, 0, 0, 0, 0, 0, 0]",7.2
1171,"[0, 1, 0, 0, 0, 0, 0, 0, 0, 0, 0, 0, 0, 0]",8.0
1172,"[0, 1, 0, 0, 0, 0, 0, 0, 0, 0, 0, 0, 0, 0]",6.7
1173,"[0, 1, 0, 0, 0, 0, 0, 0, 0, 0, 0, 0, 0, 0]",6.7
1174,"[1, 0, 0, 0, 0, 0, 0, 0, 0, 0, 0, 0, 0, 0]",6.9
1175,"[1, 0, 0, 0, 0, 0, 0, 0, 0, 0, 0, 0, 0, 0]",6.4
1176,"[0, 0, 0, 1, 0, 0, 0, 0, 0, 0, 0, 0, 0, 0]",8.3
1177,"[0, 1, 0, 0, 0, 0, 0, 0, 0, 0, 0, 0, 0, 0]",7.8
1178,"[1, 0, 0, 0, 0, 0, 0, 0, 0, 0, 0, 0, 0, 0]",7.2
1179,"[1, 0, 0, 0, 0, 0, 0, 0, 0, 0, 0, 0, 0, 0]",6.4
1180,"[0, 1, 0, 0, 0, 0, 0, 0, 0, 0, 0, 0, 0, 0]",6.2
1181,"[0, 1, 0, 0, 0, 0, 0, 0, 0, 0, 0, 0, 0, 0]",7.2
1182,"[1, 0, 0, 0, 0, 0, 0, 0, 0, 0, 0, 0, 0, 0]",6.7
1183,"[0, 1, 0, 0, 0, 0, 0, 0, 0, 0, 0, 0, 0, 0]",7.4
1184,"[1, 0, 0, 0, 0, 0, 0, 0, 0, 0, 0, 0, 0, 0]",6.4
1185,"[0, 1, 0, 0, 0, 0, 0, 0, 0, 0, 0, 0, 0, 0]",7.6
1186,"[0, 1, 0, 0, 0, 0, 0, 0, 0, 0, 0, 0, 0, 0]",7.9
1187,"[0, 1, 0, 0, 0, 0, 0, 0, 0, 0, 0, 0, 0, 0]",6.4
1188,"[0, 1, 0, 0, 0, 0, 0, 0, 0, 0, 0, 0, 0, 0]",7.2
1189,"[0, 1, 0, 0, 0, 0, 0, 0, 0, 0, 0, 0, 0, 0]",6.7
1190,"[1, 0, 0, 0, 0, 0, 0, 0, 0, 0, 0, 0, 0, 0]",7.4
1191,"[1, 0, 0, 0, 0, 0, 0, 0, 0, 0, 0, 0, 0, 0]",7.0
1192,"[0, 1, 0, 0, 0, 0, 0, 0, 0, 0, 0, 0, 0, 0]",7.9
1193,"[0, 0, 1, 0, 0, 0, 0, 0, 0, 0, 0, 0, 0, 0]",7.4
1194,"[1, 0, 0, 0, 0, 0, 0, 0, 0, 0, 0, 0, 0, 0]",7.0
1195,"[0, 1, 0, 0, 0, 0, 0, 0, 0, 0, 0, 0, 0, 0]",7.0
1196,"[1, 0, 0, 0, 0, 0, 0, 0, 0, 0, 0, 0, 0, 0]",7.0
1197,"[0, 1, 0, 0, 0, 0, 0, 0, 0, 0, 0, 0, 0, 0]",7.3
1198,"[0, 1, 0, 0, 0, 0, 0, 0, 0, 0, 0, 0, 0, 0]",7.6
1199,"[0, 1, 0, 0, 0, 0, 0, 0, 0, 0, 0, 0, 0, 0]",5.6
1200,"[1, 0, 0, 0, 0, 0, 0, 0, 0, 0, 0, 0, 0, 0]",8.8
1201,"[0, 1, 0, 0, 0, 0, 0, 0, 0, 0, 0, 0, 0, 0]",8.7
1202,"[1, 0, 0, 0, 0, 0, 0, 0, 0, 0, 0, 0, 0, 0]",8.6
1203,"[1, 0, 0, 0, 0, 0, 0, 0, 0, 0, 0, 0, 0, 0]",8.0
1204,"[1, 0, 0, 0, 0, 0, 0, 0, 0, 0, 0, 0, 0, 0]",8.5
1205,"[0, 0, 1, 0, 0, 0, 0, 0, 0, 0, 0, 0, 0, 0]",8.5
1206,"[0, 1, 0, 0, 0, 0, 0, 0, 0, 0, 0, 0, 0, 0]",8.2
1207,"[0, 1, 0, 0, 0, 0, 0, 0, 0, 0, 0, 0, 0, 0]",8.5
1208,"[1, 0, 0, 0, 0, 0, 0, 0, 0, 0, 0, 0, 0, 0]",7.9
1209,"[0, 0, 1, 0, 0, 0, 0, 0, 0, 0, 0, 0, 0, 0]",8.1
1210,"[0, 1, 0, 0, 0, 0, 0, 0, 0, 0, 0, 0, 0, 0]",8.3
1211,"[0, 1, 0, 0, 0, 0, 0, 0, 0, 0, 0, 0, 0, 0]",8.1
1212,"[1, 0, 0, 0, 0, 0, 0, 0, 0, 0, 0, 0, 0, 0]",7.9
1213,"[1, 0, 0, 0, 0, 0, 0, 0, 0, 0, 0, 0, 0, 0]",8.1
1214,"[1, 0, 0, 0, 0, 0, 0, 0, 0, 0, 0, 0, 0, 0]",7.2
1215,"[1, 0, 0, 0, 0, 0, 0, 0, 0, 0, 0, 0, 0, 0]",8.4
1216,"[0, 1, 0, 0, 0, 0, 0, 0, 0, 0, 0, 0, 0, 0]",8.0
1217,"[0, 1, 0, 0, 0, 0, 0, 0, 0, 0, 0, 0, 0, 0]",8.4
1218,"[1, 0, 0, 0, 0, 0, 0, 0, 0, 0, 0, 0, 0, 0]",7.7
1219,"[1, 0, 0, 0, 0, 0, 0, 0, 0, 0, 0, 0, 0, 0]",7.2
1220,"[0, 1, 0, 0, 0, 0, 0, 0, 0, 0, 0, 0, 0, 0]",8.3
1221,"[1, 0, 0, 0, 0, 0, 0, 0, 0, 0, 0, 0, 0, 0]",8.0
1222,"[0, 1, 0, 0, 0, 0, 0, 0, 0, 0, 0, 0, 0, 0]",8.0
1223,"[1, 0, 0, 0, 0, 0, 0, 0, 0, 0, 0, 0, 0, 0]",6.9
1224,"[1, 0, 0, 0, 0, 0, 0, 0, 0, 0, 0, 0, 0, 0]",7.3
1225,"[1, 0, 0, 0, 0, 0, 0, 0, 0, 0, 0, 0, 0, 0]",7.7
1226,"[1, 0, 0, 0, 0, 0, 0, 0, 0, 0, 0, 0, 0, 0]",7.0
1227,"[1, 0, 0, 0, 0, 0, 0, 0, 0, 0, 0, 0, 0, 0]",7.0
1228,"[0, 1, 0, 0, 0, 0, 0, 0, 0, 0, 0, 0, 0, 0]",8.1
1229,"[1, 0, 0, 0, 0, 0, 0, 0, 0, 0, 0, 0, 0, 0]",7.3
1230,"[1, 0, 0, 0, 0, 0, 0, 0, 0, 0, 0, 0, 0, 0]",8.0
1231,"[1, 0, 0, 0, 0, 0, 0, 0, 0, 0, 0, 0, 0, 0]",7.8
1232,"[0, 1, 0, 0, 0, 0, 0, 0, 0, 0, 0, 0, 0, 0]",8.3
1233,"[1, 0, 0, 0, 0, 0, 0, 0, 0, 0, 0, 0, 0, 0]",7.7
1234,"[0, 1, 0, 0, 0, 0, 0, 0, 0, 0, 0, 0, 0, 0]",7.9
1235,"[0, 1, 0, 0, 0, 0, 0, 0, 0, 0, 0, 0, 0, 0]",8.1
1236,"[1, 0, 0, 0, 0, 0, 0, 0, 0, 0, 0, 0, 0, 0]",6.4
1237,"[1, 0, 0, 0, 0, 0, 0, 0, 0, 0, 0, 0, 0, 0]",7.3
1238,"[1, 0, 0, 0, 0, 0, 0, 0, 0, 0, 0, 0, 0, 0]",7.0
1239,"[0, 0, 0, 1, 0, 0, 0, 0, 0, 0, 0, 0, 0, 0]",8.3
1240,"[1, 0, 0, 0, 0, 0, 0, 0, 0, 0, 0, 0, 0, 0]",7.9
1241,"[1, 0, 0, 0, 0, 0, 0, 0, 0, 0, 0, 0, 0, 0]",7.9
1242,"[1, 0, 0, 0, 0, 0, 0, 0, 0, 0, 0, 0, 0, 0]",7.9
1243,"[1, 0, 0, 0, 0, 0, 0, 0, 0, 0, 0, 0, 0, 0]",7.0
1244,"[0, 1, 0, 0, 0, 0, 0, 0, 0, 0, 0, 0, 0, 0]",8.0
1245,"[1, 0, 0, 0, 0, 0, 0, 0, 0, 0, 0, 0, 0, 0]",7.4
1246,"[0, 1, 0, 0, 0, 0, 0, 0, 0, 0, 0, 0, 0, 0]",7.0
1247,"[1, 0, 0, 0, 0, 0, 0, 0, 0, 0, 0, 0, 0, 0]",6.9
1248,"[1, 0, 0, 0, 0, 0, 0, 0, 0, 0, 0, 0, 0, 0]",7.8
1249,"[1, 0, 0, 0, 0, 0, 0, 0, 0, 0, 0, 0, 0, 0]",7.3
1250,"[0, 1, 0, 0, 0, 0, 0, 0, 0, 0, 0, 0, 0, 0]",7.4
1251,"[0, 1, 0, 0, 0, 0, 0, 0, 0, 0, 0, 0, 0, 0]",8.0
1252,"[1, 0, 0, 0, 0, 0, 0, 0, 0, 0, 0, 0, 0, 0]",7.0
1253,"[1, 0, 0, 0, 0, 0, 0, 0, 0, 0, 0, 0, 0, 0]",7.4
1254,"[0, 1, 0, 0, 0, 0, 0, 0, 0, 0, 0, 0, 0, 0]",7.2
1255,"[1, 0, 0, 0, 0, 0, 0, 0, 0, 0, 0, 0, 0, 0]",7.4
1256,"[1, 0, 0, 0, 0, 0, 0, 0, 0, 0, 0, 0, 0, 0]",7.4
1257,"[1, 0, 0, 0, 0, 0, 0, 0, 0, 0, 0, 0, 0, 0]",7.6
1258,"[1, 0, 0, 0, 0, 0, 0, 0, 0, 0, 0, 0, 0, 0]",7.1
1259,"[1, 0, 0, 0, 0, 0, 0, 0, 0, 0, 0, 0, 0, 0]",6.2
1260,"[1, 0, 0, 0, 0, 0, 0, 0, 0, 0, 0, 0, 0, 0]",7.0
1261,"[1, 0, 0, 0, 0, 0, 0, 0, 0, 0, 0, 0, 0, 0]",6.7
1262,"[0, 0, 1, 0, 0, 0, 0, 0, 0, 0, 0, 0, 0, 0]",7.8
1263,"[0, 1, 0, 0, 0, 0, 0, 0, 0, 0, 0, 0, 0, 0]",7.7
1264,"[1, 0, 0, 0, 0, 0, 0, 0, 0, 0, 0, 0, 0, 0]",6.9
1265,"[1, 0, 0, 0, 0, 0, 0, 0, 0, 0, 0, 0, 0, 0]",6.6
1266,"[1, 0, 0, 0, 0, 0, 0, 0, 0, 0, 0, 0, 0, 0]",7.7
1267,"[0, 1, 0, 0, 0, 0, 0, 0, 0, 0, 0, 0, 0, 0]",7.9
1268,"[0, 1, 0, 0, 0, 0, 0, 0, 0, 0, 0, 0, 0, 0]",7.6
1269,"[0, 1, 0, 0, 0, 0, 0, 0, 0, 0, 0, 0, 0, 0]",6.8
1270,"[0, 1, 0, 0, 0, 0, 0, 0, 0, 0, 0, 0, 0, 0]",6.4
1271,"[1, 0, 0, 0, 0, 0, 0, 0, 0, 0, 0, 0, 0, 0]",6.7
1272,"[1, 0, 0, 0, 0, 0, 0, 0, 0, 0, 0, 0, 0, 0]",7.7
1273,"[1, 0, 0, 0, 0, 0, 0, 0, 0, 0, 0, 0, 0, 0]",6.7
1274,"[1, 0, 0, 0, 0, 0, 0, 0, 0, 0, 0, 0, 0, 0]",6.9
1275,"[0, 1, 0, 0, 0, 0, 0, 0, 0, 0, 0, 0, 0, 0]",6.6
1276,"[1, 0, 0, 0, 0, 0, 0, 0, 0, 0, 0, 0, 0, 0]",6.6
1277,"[1, 0, 0, 0, 0, 0, 0, 0, 0, 0, 0, 0, 0, 0]",6.5
1278,"[1, 0, 0, 0, 0, 0, 0, 0, 0, 0, 0, 0, 0, 0]",6.8
1279,"[1, 0, 0, 0, 0, 0, 0, 0, 0, 0, 0, 0, 0, 0]",6.4
1280,"[1, 0, 0, 0, 0, 0, 0, 0, 0, 0, 0, 0, 0, 0]",6.6
1281,"[0, 0, 1, 0, 0, 0, 0, 0, 0, 0, 0, 0, 0, 0]",7.4
1282,"[1, 0, 0, 0, 0, 0, 0, 0, 0, 0, 0, 0, 0, 0]",6.7
1283,"[1, 0, 0, 0, 0, 0, 0, 0, 0, 0, 0, 0, 0, 0]",7.5
1284,"[1, 0, 0, 0, 0, 0, 0, 0, 0, 0, 0, 0, 0, 0]",6.9
1285,"[1, 0, 0, 0, 0, 0, 0, 0, 0, 0, 0, 0, 0, 0]",6.2
1286,"[1, 0, 0, 0, 0, 0, 0, 0, 0, 0, 0, 0, 0, 0]",7.3
1287,"[1, 0, 0, 0, 0, 0, 0, 0, 0, 0, 0, 0, 0, 0]",6.0
1288,"[0, 1, 0, 0, 0, 0, 0, 0, 0, 0, 0, 0, 0, 0]",6.3
1289,"[1, 0, 0, 0, 0, 0, 0, 0, 0, 0, 0, 0, 0, 0]",6.4
1290,"[1, 0, 0, 0, 0, 0, 0, 0, 0, 0, 0, 0, 0, 0]",6.6
1291,"[0, 1, 0, 0, 0, 0, 0, 0, 0, 0, 0, 0, 0, 0]",7.6
1292,"[0, 1, 0, 0, 0, 0, 0, 0, 0, 0, 0, 0, 0, 0]",7.8
1293,"[1, 0, 0, 0, 0, 0, 0, 0, 0, 0, 0, 0, 0, 0]",6.7
1294,"[0, 0, 1, 0, 0, 0, 0, 0, 0, 0, 0, 0, 0, 0]",7.8
1295,"[0, 1, 0, 0, 0, 0, 0, 0, 0, 0, 0, 0, 0, 0]",8.1
1296,"[1, 0, 0, 0, 0, 0, 0, 0, 0, 0, 0, 0, 0, 0]",7.5
1297,"[1, 0, 0, 0, 0, 0, 0, 0, 0, 0, 0, 0, 0, 0]",5.8
1298,"[0, 1, 0, 0, 0, 0, 0, 0, 0, 0, 0, 0, 0, 0]",7.3
1299,"[1, 0, 0, 0, 0, 0, 0, 0, 0, 0, 0, 0, 0, 0]",6.5
1300,"[0, 1, 0, 0, 0, 0, 0, 0, 0, 0, 0, 0, 0, 0]",8.6
1301,"[0, 1, 0, 0, 0, 0, 0, 0, 0, 0, 0, 0, 0, 0]",8.5
1302,"[0, 1, 0, 0, 0, 0, 0, 0, 0, 0, 0, 0, 0, 0]",8.4
1303,"[0, 1, 0, 0, 0, 0, 0, 0, 0, 0, 0, 0, 0, 0]",8.1
1304,"[0, 1, 0, 0, 0, 0, 0, 0, 0, 0, 0, 0, 0, 0]",8.1
1305,"[0, 1, 0, 0, 0, 0, 0, 0, 0, 0, 0, 0, 0, 0]",8.5
1306,"[0, 1, 0, 0, 0, 0, 0, 0, 0, 0, 0, 0, 0, 0]",8.3
1307,"[1, 0, 0, 0, 0, 0, 0, 0, 0, 0, 0, 0, 0, 0]",8.1
1308,"[0, 1, 0, 0, 0, 0, 0, 0, 0, 0, 0, 0, 0, 0]",8.1
1309,"[0, 1, 0, 0, 0, 0, 0, 0, 0, 0, 0, 0, 0, 0]",8.1
1310,"[0, 1, 0, 0, 0, 0, 0, 0, 0, 0, 0, 0, 0, 0]",8.5
1311,"[0, 1, 0, 0, 0, 0, 0, 0, 0, 0, 0, 0, 0, 0]",8.2
1312,"[1, 0, 0, 0, 0, 0, 0, 0, 0, 0, 0, 0, 0, 0]",7.7
1313,"[0, 1, 0, 0, 0, 0, 0, 0, 0, 0, 0, 0, 0, 0]",8.0
1314,"[0, 1, 0, 0, 0, 0, 0, 0, 0, 0, 0, 0, 0, 0]",8.0
1315,"[0, 1, 0, 0, 0, 0, 0, 0, 0, 0, 0, 0, 0, 0]",8.1
1316,"[0, 1, 0, 0, 0, 0, 0, 0, 0, 0, 0, 0, 0, 0]",8.0
1317,"[1, 0, 0, 0, 0, 0, 0, 0, 0, 0, 0, 0, 0, 0]",8.0
1318,"[0, 1, 0, 0, 0, 0, 0, 0, 0, 0, 0, 0, 0, 0]",7.9
1319,"[1, 0, 0, 0, 0, 0, 0, 0, 0, 0, 0, 0, 0, 0]",7.7
1320,"[0, 1, 0, 0, 0, 0, 0, 0, 0, 0, 0, 0, 0, 0]",8.1
1321,"[1, 0, 0, 0, 0, 0, 0, 0, 0, 0, 0, 0, 0, 0]",8.0
1322,"[1, 0, 0, 0, 0, 0, 0, 0, 0, 0, 0, 0, 0, 0]",7.3
1323,"[0, 1, 0, 0, 0, 0, 0, 0, 0, 0, 0, 0, 0, 0]",8.5
1324,"[1, 0, 0, 0, 0, 0, 0, 0, 0, 0, 0, 0, 0, 0]",8.0
1325,"[0, 1, 0, 0, 0, 0, 0, 0, 0, 0, 0, 0, 0, 0]",8.0
1326,"[0, 1, 0, 0, 0, 0, 0, 0, 0, 0, 0, 0, 0, 0]",7.7
1327,"[0, 1, 0, 0, 0, 0, 0, 0, 0, 0, 0, 0, 0, 0]",8.2
1328,"[1, 0, 0, 0, 0, 0, 0, 0, 0, 0, 0, 0, 0, 0]",7.8
1329,"[0, 0, 1, 0, 0, 0, 0, 0, 0, 0, 0, 0, 0, 0]",8.0
1330,"[1, 0, 0, 0, 0, 0, 0, 0, 0, 0, 0, 0, 0, 0]",7.4
1331,"[0, 1, 0, 0, 0, 0, 0, 0, 0, 0, 0, 0, 0, 0]",7.4
1332,"[1, 0, 0, 0, 0, 0, 0, 0, 0, 0, 0, 0, 0, 0]",7.4
1333,"[1, 0, 0, 0, 0, 0, 0, 0, 0, 0, 0, 0, 0, 0]",7.7
1334,"[1, 0, 0, 0, 0, 0, 0, 0, 0, 0, 0, 0, 0, 0]",7.9
1335,"[0, 1, 0, 0, 0, 0, 0, 0, 0, 0, 0, 0, 0, 0]",8.0
1336,"[0, 1, 0, 0, 0, 0, 0, 0, 0, 0, 0, 0, 0, 0]",7.7
1337,"[0, 1, 0, 0, 0, 0, 0, 0, 0, 0, 0, 0, 0, 0]",7.9
1338,"[1, 0, 0, 0, 0, 0, 0, 0, 0, 0, 0, 0, 0, 0]",7.4
1339,"[0, 1, 0, 0, 0, 0, 0, 0, 0, 0, 0, 0, 0, 0]",7.9
1340,"[0, 1, 0, 0, 0, 0, 0, 0, 0, 0, 0, 0, 0, 0]",8.6
1341,"[0, 1, 0, 0, 0, 0, 0, 0, 0, 0, 0, 0, 0, 0]",7.6
1342,"[0, 1, 0, 0, 0, 0, 0, 0, 0, 0, 0, 0, 0, 0]",6.4
1343,"[0, 0, 1, 0, 0, 0, 0, 0, 0, 0, 0, 0, 0, 0]",8.4
1344,"[0, 1, 0, 0, 0, 0, 0, 0, 0, 0, 0, 0, 0, 0]",7.5
1345,"[1, 0, 0, 0, 0, 0, 0, 0, 0, 0, 0, 0, 0, 0]",7.7
1346,"[0, 1, 0, 0, 0, 0, 0, 0, 0, 0, 0, 0, 0, 0]",7.7
1347,"[0, 1, 0, 0, 0, 0, 0, 0, 0, 0, 0, 0, 0, 0]",7.6
1348,"[1, 0, 0, 0, 0, 0, 0, 0, 0, 0, 0, 0, 0, 0]",6.5
1349,"[1, 0, 0, 0, 0, 0, 0, 0, 0, 0, 0, 0, 0, 0]",7.3
1350,"[1, 0, 0, 0, 0, 0, 0, 0, 0, 0, 0, 0, 0, 0]",6.6
1351,"[1, 0, 0, 0, 0, 0, 0, 0, 0, 0, 0, 0, 0, 0]",6.6
1352,"[1, 0, 0, 0, 0, 0, 0, 0, 0, 0, 0, 0, 0, 0]",7.1
1353,"[0, 1, 0, 0, 0, 0, 0, 0, 0, 0, 0, 0, 0, 0]",7.7
1354,"[1, 0, 0, 0, 0, 0, 0, 0, 0, 0, 0, 0, 0, 0]",7.1
1355,"[1, 0, 0, 0, 0, 0, 0, 0, 0, 0, 0, 0, 0, 0]",6.8
1356,"[1, 0, 0, 0, 0, 0, 0, 0, 0, 0, 0, 0, 0, 0]",6.7
1357,"[1, 0, 0, 0, 0, 0, 0, 0, 0, 0, 0, 0, 0, 0]",7.1
1358,"[0, 1, 0, 0, 0, 0, 0, 0, 0, 0, 0, 0, 0, 0]",7.6
1359,"[0, 1, 0, 0, 0, 0, 0, 0, 0, 0, 0, 0, 0, 0]",8.1
1360,"[1, 0, 0, 0, 0, 0, 0, 0, 0, 0, 0, 0, 0, 0]",7.1
1361,"[0, 1, 0, 0, 0, 0, 0, 0, 0, 0, 0, 0, 0, 0]",7.5
1362,"[1, 0, 0, 0, 0, 0, 0, 0, 0, 0, 0, 0, 0, 0]",6.5
1363,"[0, 1, 0, 0, 0, 0, 0, 0, 0, 0, 0, 0, 0, 0]",7.7
1364,"[0, 0, 1, 0, 0, 0, 0, 0, 0, 0, 0, 0, 0, 0]",8.3
1365,"[0, 1, 0, 0, 0, 0, 0, 0, 0, 0, 0, 0, 0, 0]",7.5
1366,"[0, 1, 0, 0, 0, 0, 0, 0, 0, 0, 0, 0, 0, 0]",8.4
1367,"[0, 1, 0, 0, 0, 0, 0, 0, 0, 0, 0, 0, 0, 0]",7.5
1368,"[1, 0, 0, 0, 0, 0, 0, 0, 0, 0, 0, 0, 0, 0]",6.8
1369,"[1, 0, 0, 0, 0, 0, 0, 0, 0, 0, 0, 0, 0, 0]",7.0
1370,"[0, 1, 0, 0, 0, 0, 0, 0, 0, 0, 0, 0, 0, 0]",7.8
1371,"[1, 0, 0, 0, 0, 0, 0, 0, 0, 0, 0, 0, 0, 0]",7.0
1372,"[1, 0, 0, 0, 0, 0, 0, 0, 0, 0, 0, 0, 0, 0]",7.4
1373,"[1, 0, 0, 0, 0, 0, 0, 0, 0, 0, 0, 0, 0, 0]",7.6
1374,"[0, 1, 0, 0, 0, 0, 0, 0, 0, 0, 0, 0, 0, 0]",7.2
1375,"[0, 1, 0, 0, 0, 0, 0, 0, 0, 0, 0, 0, 0, 0]",7.2
1376,"[1, 0, 0, 0, 0, 0, 0, 0, 0, 0, 0, 0, 0, 0]",6.9
1377,"[0, 1, 0, 0, 0, 0, 0, 0, 0, 0, 0, 0, 0, 0]",7.2
1378,"[0, 1, 0, 0, 0, 0, 0, 0, 0, 0, 0, 0, 0, 0]",6.5
1379,"[0, 1, 0, 0, 0, 0, 0, 0, 0, 0, 0, 0, 0, 0]",7.5
1380,"[0, 1, 0, 0, 0, 0, 0, 0, 0, 0, 0, 0, 0, 0]",7.3
1381,"[1, 0, 0, 0, 0, 0, 0, 0, 0, 0, 0, 0, 0, 0]",6.9
1382,"[0, 1, 0, 0, 0, 0, 0, 0, 0, 0, 0, 0, 0, 0]",8.0
1383,"[0, 1, 0, 0, 0, 0, 0, 0, 0, 0, 0, 0, 0, 0]",7.5
1384,"[1, 0, 0, 0, 0, 0, 0, 0, 0, 0, 0, 0, 0, 0]",6.1
1385,"[0, 1, 0, 0, 0, 0, 0, 0, 0, 0, 0, 0, 0, 0]",7.4
1386,"[0, 1, 0, 0, 0, 0, 0, 0, 0, 0, 0, 0, 0, 0]",7.2
1387,"[1, 0, 0, 0, 0, 0, 0, 0, 0, 0, 0, 0, 0, 0]",7.0
1388,"[1, 0, 0, 0, 0, 0, 0, 0, 0, 0, 0, 0, 0, 0]",6.8
1389,"[0, 1, 0, 0, 0, 0, 0, 0, 0, 0, 0, 0, 0, 0]",7.5
1390,"[0, 1, 0, 0, 0, 0, 0, 0, 0, 0, 0, 0, 0, 0]",7.4
1391,"[0, 1, 0, 0, 0, 0, 0, 0, 0, 0, 0, 0, 0, 0]",4.1
1392,"[1, 0, 0, 0, 0, 0, 0, 0, 0, 0, 0, 0, 0, 0]",6.4
1393,"[0, 0, 0, 0, 0, 1, 0, 0, 0, 0, 0, 0, 0, 0]",8.3
1394,"[0, 1, 0, 0, 0, 0, 0, 0, 0, 0, 0, 0, 0, 0]",6.6
1395,"[1, 0, 0, 0, 0, 0, 0, 0, 0, 0, 0, 0, 0, 0]",6.3
1396,"[0, 1, 0, 0, 0, 0, 0, 0, 0, 0, 0, 0, 0, 0]",8.2
1397,"[1, 0, 0, 0, 0, 0, 0, 0, 0, 0, 0, 0, 0, 0]",6.8
1398,"[1, 0, 0, 0, 0, 0, 0, 0, 0, 0, 0, 0, 0, 0]",6.7
1399,"[1, 0, 0, 0, 0, 0, 0, 0, 0, 0, 0, 0, 0, 0]",7.6
1400,"[0, 1, 0, 0, 0, 0, 0, 0, 0, 0, 0, 0, 0, 0]",8.3
1401,"[0, 1, 0, 0, 0, 0, 0, 0, 0, 0, 0, 0, 0, 0]",8.6
1402,"[0, 1, 0, 0, 0, 0, 0, 0, 0, 0, 0, 0, 0, 0]",8.3
1403,"[0, 1, 0, 0, 0, 0, 0, 0, 0, 0, 0, 0, 0, 0]",8.2
1404,"[0, 1, 0, 0, 0, 0, 0, 0, 0, 0, 0, 0, 0, 0]",8.4
1405,"[0, 0, 1, 0, 0, 0, 0, 0, 0, 0, 0, 0, 0, 0]",8.5
1406,"[0, 1, 0, 0, 0, 0, 0, 0, 0, 0, 0, 0, 0, 0]",7.6
1407,"[0, 1, 0, 0, 0, 0, 0, 0, 0, 0, 0, 0, 0, 0]",7.6
1408,"[0, 1, 0, 0, 0, 0, 0, 0, 0, 0, 0, 0, 0, 0]",7.7
1409,"[0, 1, 0, 0, 0, 0, 0, 0, 0, 0, 0, 0, 0, 0]",8.1
1410,"[0, 1, 0, 0, 0, 0, 0, 0, 0, 0, 0, 0, 0, 0]",7.0
1411,"[0, 1, 0, 0, 0, 0, 0, 0, 0, 0, 0, 0, 0, 0]",7.7
1412,"[0, 1, 0, 0, 0, 0, 0, 0, 0, 0, 0, 0, 0, 0]",8.3
1413,"[0, 1, 0, 0, 0, 0, 0, 0, 0, 0, 0, 0, 0, 0]",8.1
1414,"[0, 1, 0, 0, 0, 0, 0, 0, 0, 0, 0, 0, 0, 0]",7.6
1415,"[1, 0, 0, 0, 0, 0, 0, 0, 0, 0, 0, 0, 0, 0]",7.9
1416,"[0, 0, 0, 0, 1, 0, 0, 0, 0, 0, 0, 0, 0, 0]",8.5
1417,"[0, 0, 1, 0, 0, 0, 0, 0, 0, 0, 0, 0, 0, 0]",8.1
1418,"[0, 0, 0, 0, 0, 0, 1, 0, 0, 0, 0, 0, 0, 0]",8.4
1419,"[1, 0, 0, 0, 0, 0, 0, 0, 0, 0, 0, 0, 0, 0]",7.8
1420,"[0, 1, 0, 0, 0, 0, 0, 0, 0, 0, 0, 0, 0, 0]",7.4
1421,"[0, 0, 0, 0, 0, 1, 0, 0, 0, 0, 0, 0, 0, 0]",8.4
1422,"[0, 1, 0, 0, 0, 0, 0, 0, 0, 0, 0, 0, 0, 0]",7.6
1423,"[0, 1, 0, 0, 0, 0, 0, 0, 0, 0, 0, 0, 0, 0]",7.6
1424,"[0, 1, 0, 0, 0, 0, 0, 0, 0, 0, 0, 0, 0, 0]",8.3
1425,"[1, 0, 0, 0, 0, 0, 0, 0, 0, 0, 0, 0, 0, 0]",6.3
1426,"[0, 1, 0, 0, 0, 0, 0, 0, 0, 0, 0, 0, 0, 0]",6.2
1427,"[1, 0, 0, 0, 0, 0, 0, 0, 0, 0, 0, 0, 0, 0]",7.6
1428,"[0, 1, 0, 0, 0, 0, 0, 0, 0, 0, 0, 0, 0, 0]",7.3
1429,"[0, 1, 0, 0, 0, 0, 0, 0, 0, 0, 0, 0, 0, 0]",8.2
1430,"[0, 0, 0, 0, 0, 0, 0, 0, 0, 1, 0, 0, 0, 0]",8.9
1431,"[0, 1, 0, 0, 0, 0, 0, 0, 0, 0, 0, 0, 0, 0]",7.2
1432,"[0, 0, 0, 0, 0, 0, 0, 0, 0, 0, 1, 0, 0, 0]",7.9
1433,"[1, 0, 0, 0, 0, 0, 0, 0, 0, 0, 0, 0, 0, 0]",6.6
1434,"[0, 1, 0, 0, 0, 0, 0, 0, 0, 0, 0, 0, 0, 0]",5.9
1435,"[0, 1, 0, 0, 0, 0, 0, 0, 0, 0, 0, 0, 0, 0]",7.7
1436,"[0, 0, 0, 0, 1, 0, 0, 0, 0, 0, 0, 0, 0, 0]",7.7
1437,"[0, 1, 0, 0, 0, 0, 0, 0, 0, 0, 0, 0, 0, 0]",7.0
1438,"[1, 0, 0, 0, 0, 0, 0, 0, 0, 0, 0, 0, 0, 0]",8.0
1439,"[0, 0, 0, 0, 0, 1, 0, 0, 0, 0, 0, 0, 0, 0]",8.2
1440,"[0, 1, 0, 0, 0, 0, 0, 0, 0, 0, 0, 0, 0, 0]",7.5
1441,"[0, 0, 0, 0, 1, 0, 0, 0, 0, 0, 0, 0, 0, 0]",7.7
1442,"[0, 1, 0, 0, 0, 0, 0, 0, 0, 0, 0, 0, 0, 0]",6.1
1443,"[0, 1, 0, 0, 0, 0, 0, 0, 0, 0, 0, 0, 0, 0]",6.9
1444,"[0, 0, 0, 0, 1, 0, 0, 0, 0, 0, 0, 0, 0, 0]",8.0
1445,"[0, 0, 0, 0, 0, 1, 0, 0, 0, 0, 0, 0, 0, 0]",8.0
1446,"[0, 0, 0, 0, 1, 0, 0, 0, 0, 0, 0, 0, 0, 0]",7.8
1447,"[0, 0, 0, 0, 1, 0, 0, 0, 0, 0, 0, 0, 0, 0]",8.1
1448,"[0, 0, 0, 0, 1, 0, 0, 0, 0, 0, 0, 0, 0, 0]",5.9
1449,"[0, 0, 0, 0, 1, 0, 0, 0, 0, 0, 0, 0, 0, 0]",8.3
1450,"[0, 1, 0, 0, 0, 0, 0, 0, 0, 0, 0, 0, 0, 0]",6.6
1451,"[0, 0, 0, 0, 1, 0, 0, 0, 0, 0, 0, 0, 0, 0]",8.1
1452,"[0, 0, 0, 0, 0, 0, 0, 0, 0, 0, 0, 1, 0, 0]",7.7
1453,"[0, 0, 1, 0, 0, 0, 0, 0, 0, 0, 0, 0, 0, 0]",7.4
1454,"[0, 0, 0, 0, 1, 0, 0, 0, 0, 0, 0, 0, 0, 0]",8.0
1455,"[0, 1, 0, 0, 0, 0, 0, 0, 0, 0, 0, 0, 0, 0]",6.3
1456,"[0, 0, 0, 0, 1, 0, 0, 0, 0, 0, 0, 0, 0, 0]",7.5
1457,"[0, 0, 0, 0, 0, 0, 0, 0, 0, 0, 1, 0, 0, 0]",7.6
1458,"[0, 1, 0, 0, 0, 0, 0, 0, 0, 0, 0, 0, 0, 0]",7.9
1459,"[0, 1, 0, 0, 0, 0, 0, 0, 0, 0, 0, 0, 0, 0]",6.4
1460,"[0, 1, 0, 0, 0, 0, 0, 0, 0, 0, 0, 0, 0, 0]",7.5
1461,"[0, 0, 1, 0, 0, 0, 0, 0, 0, 0, 0, 0, 0, 0]",7.8
1462,"[0, 0, 0, 0, 0, 0, 1, 0, 0, 0, 0, 0, 0, 0]",7.6
1463,"[0, 0, 0, 0, 1, 0, 0, 0, 0, 0, 0, 0, 0, 0]",8.3
1464,"[0, 1, 0, 0, 0, 0, 0, 0, 0, 0, 0, 0, 0, 0]",7.4
1465,"[0, 1, 0, 0, 0, 0, 0, 0, 0, 0, 0, 0, 0, 0]",7.1
1466,"[0, 0, 0, 0, 0, 0, 0, 0, 1, 0, 0, 0, 0, 0]",6.0
1467,"[0, 1, 0, 0, 0, 0, 0, 0, 0, 0, 0, 0, 0, 0]",6.9
1468,"[0, 1, 0, 0, 0, 0, 0, 0, 0, 0, 0, 0, 0, 0]",7.0
1469,"[0, 1, 0, 0, 0, 0, 0, 0, 0, 0, 0, 0, 0, 0]",8.1
1470,"[0, 0, 1, 0, 0, 0, 0, 0, 0, 0, 0, 0, 0, 0]",7.7
1471,"[0, 0, 0, 0, 1, 0, 0, 0, 0, 0, 0, 0, 0, 0]",7.7
1472,"[1, 0, 0, 0, 0, 0, 0, 0, 0, 0, 0, 0, 0, 0]",5.4
1473,"[0, 1, 0, 0, 0, 0, 0, 0, 0, 0, 0, 0, 0, 0]",4.5
1474,"[0, 0, 0, 0, 1, 0, 0, 0, 0, 0, 0, 0, 0, 0]",8.1
1475,"[0, 0, 1, 0, 0, 0, 0, 0, 0, 0, 0, 0, 0, 0]",8.0
1476,"[0, 0, 0, 0, 0, 0, 0, 0, 0, 0, 0, 0, 1, 0]",7.4
1477,"[0, 0, 1, 0, 0, 0, 0, 0, 0, 0, 0, 0, 0, 0]",5.8
1478,"[0, 1, 0, 0, 0, 0, 0, 0, 0, 0, 0, 0, 0, 0]",6.1
1479,"[0, 0, 1, 0, 0, 0, 0, 0, 0, 0, 0, 0, 0, 0]",8.0
1480,"[0, 0, 0, 0, 1, 0, 0, 0, 0, 0, 0, 0, 0, 0]",7.5
1481,"[0, 0, 1, 0, 0, 0, 0, 0, 0, 0, 0, 0, 0, 0]",7.6
1482,"[0, 0, 1, 0, 0, 0, 0, 0, 0, 0, 0, 0, 0, 0]",6.7
1483,"[0, 0, 0, 0, 0, 0, 1, 0, 0, 0, 0, 0, 0, 0]",8.2
1484,"[0, 0, 0, 0, 1, 0, 0, 0, 0, 0, 0, 0, 0, 0]",7.6
1485,"[0, 0, 1, 0, 0, 0, 0, 0, 0, 0, 0, 0, 0, 0]",7.6
1486,"[0, 1, 0, 0, 0, 0, 0, 0, 0, 0, 0, 0, 0, 0]",7.5
1487,"[0, 0, 0, 0, 1, 0, 0, 0, 0, 0, 0, 0, 0, 0]",7.7
1488,"[0, 1, 0, 0, 0, 0, 0, 0, 0, 0, 0, 0, 0, 0]",6.6
1489,"[0, 1, 0, 0, 0, 0, 0, 0, 0, 0, 0, 0, 0, 0]",6.6
1490,"[0, 1, 0, 0, 0, 0, 0, 0, 0, 0, 0, 0, 0, 0]",7.6
1491,"[0, 0, 0, 0, 0, 0, 1, 0, 0, 0, 0, 0, 0, 0]",7.2
1492,"[0, 0, 0, 0, 0, 0, 0, 0, 0, 0, 0, 0, 0, 1]",6.3
1493,"[1, 0, 0, 0, 0, 0, 0, 0, 0, 0, 0, 0, 0, 0]",7.4
1494,"[0, 1, 0, 0, 0, 0, 0, 0, 0, 0, 0, 0, 0, 0]",6.9
1495,"[0, 1, 0, 0, 0, 0, 0, 0, 0, 0, 0, 0, 0, 0]",7.1
1496,"[0, 1, 0, 0, 0, 0, 0, 0, 0, 0, 0, 0, 0, 0]",6.7
1497,"[1, 0, 0, 0, 0, 0, 0, 0, 0, 0, 0, 0, 0, 0]",6.7
1498,"[0, 1, 0, 0, 0, 0, 0, 0, 0, 0, 0, 0, 0, 0]",6.4
1499,"[1, 0, 0, 0, 0, 0, 0, 0, 0, 0, 0, 0, 0, 0]",6.0
